"NOM_STATION_COMPOSITE","CODE_DES_NORMALES","NOM_DE_LA_STATION","ID_CLIMATOLOGIQUE","ID_DE_l'OMM","ID_DE_TC","PROVINCE_OU_TERRITOIRE","LATITUDE","LONGITUDE","ALTITUDE(m)"
"BANFF","C","BANFF","3050520","","","ALBERTA","51,18","-115,57","1383,7"
"BANFF","C","BANFF (AUT)","3050521","","","ALBERTA","51,18","-115,57","1396,9"
"BANFF","C","BANFF CS","3050519","71122","WZG","ALBERTA","51,19","-115,55","1396,9"
"BRETON","D","BRETON","3010815","","","ALBERTA","53,17","-114,48","843,0"
"BROOKS","D","BROOKS","3030QLP","71457","WBO","ALBERTA","50,56","-111,85","747,0"
"CALGARY (AÉROPORT)","C","CALGARY INT'L A","3031093","71877","YYC","ALBERTA","51,11","-114,02","1084,1"
"CALGARY (AÉROPORT)","C","CALGARY INTL A","3031092","71877","YYC","ALBERTA","51,12","-114,01","1099,1"
"CAMPSIE","C","CAMPSIE","3061200","","","ALBERTA","54,13","-114,68","670,6"
"CAMPSIE","C","CAMPSIE AUTO","3061201","71636","PZC","ALBERTA","54,13","-114,68","647,0"
"CAMROSE","C","CAMROSE","3011240","71254","WRV","ALBERTA","53,05","-112,82","739,0"
"CARWAY","C","CARWAY","3031400","","","ALBERTA","49,00","-113,38","1354,0"
"CARWAY","C","CARWAY","3031402","71488","PCY","ALBERTA","49,00","-113,38","1354,0"
"CLARESHOLM","A","CLARESHOLM","3031640","71234","WDK","ALBERTA","50,00","-113,64","1009,0"
"CLARESHOLM","A","CLARESHOLM WATERWORKS","3031658","","","ALBERTA","50,02","-113,71","1008,0"
"COLD LAKE","A","COLD LAKE A","3081680","71120","YOD","ALBERTA","54,42","-110,28","541,0"
"CORONATION","C","CORONATION (AUT)","3011885","","WCT","ALBERTA","52,08","-111,45","790,7"
"CORONATION","C","CORONATION A","3011880","","","ALBERTA","52,07","-111,45","791,0"
"CORONATION","C","CORONATION CLIMATE","3011887","71318","WCT","ALBERTA","52,07","-111,45","791,0"
"DRUMHELLER EAST","G","DRUMHELLER EAST","30221LG","71237","WDZ","ALBERTA","51,45","-112,68","678,2"
"EDMONTON (AÉROPORT)","B","EDMONTON INT'L A","3012205","71123","YEG","ALBERTA","53,32","-113,58","723,3"
"EDMONTON (AÉROPORT)","B","EDMONTON INTERNATIONAL CS","3012206","71155","XEG","ALBERTA","53,31","-113,61","715,0"
"EDMONTON (AÉROPORT)","B","EDMONTON INTL A","3012216","71123","YEG","ALBERTA","53,31","-113,58","723,3"
"EDMONTON (CITÉ)","D","EDMONTON BLATCHFORD","3012209","71157","XEC","ALBERTA","53,57","-113,52","671,0"
"EDMONTON (CITÉ)","D","EDMONTON CITY CENTRE A","3012208","","","ALBERTA","53,57","-113,52","670,6"
"EDMONTON (CITÉ)","D","EDMONTON CITY CENTRE AWOS","3012202","71879","YXD","ALBERTA","53,57","-113,52","671,4"
"EDSON","D","EDSON","3062239","71167","YET","ALBERTA","53,58","-116,47","926,9"
"EDSON","D","EDSON A","3062242","71881","YET","ALBERTA","53,60","-116,48","925,4"
"EDSON","D","EDSON A","3062244","","","ALBERTA","53,58","-116,47","927,2"
"EDSON","D","EDSON AWOS A","3062245","71881","PDS","ALBERTA","53,58","-116,47","926,9"
"EDSON","D","EDSON CLIMATE","3062246","71156","ZZJ","ALBERTA","53,58","-116,45","927,0"
"ESTHER","E","ESTHER 1","301B460","71240","WGY","ALBERTA","51,67","-110,21","707,0"
"FABYAN","C","FABYAN","3012515","","","ALBERTA","52,97","-111,00","698,0"
"FORESTBURG PLANT SITE","C","FORESTBURG PLANT SITE","3012652","","","ALBERTA","52,47","-112,12","662,9"
"FORT CHIPEWYAN","C","FORT CHIPEWYAN","3072655","71305","YPY","ALBERTA","58,77","-111,12","238,0"
"FORT CHIPEWYAN","C","FORT CHIPEWYAN A","3072658","","","ALBERTA","58,77","-111,12","232,0"
"FORT CHIPEWYAN","C","FORT CHIPEWYAN AWOS A","3072662","","PCP","ALBERTA","58,77","-111,12","238,0"
"FORT CHIPEWYAN","C","FORT CHIPEWYAN RCS","3072659","71056","PCH","ALBERTA","58,77","-111,12","238,0"
"FORT MCMURRAY","C","FORT MCMURRAY A","3062693","","","ALBERTA","56,65","-111,22","369,1"
"FORT MCMURRAY","C","FORT MCMURRAY A","3062697","71689","YMM","ALBERTA","56,65","-111,22","369,1"
"FORT MCMURRAY","C","FORT MCMURRAY AWOS A","3062700","","","ALBERTA","56,65","-111,22","369,1"
"FORT MCMURRAY","C","FORT MCMURRAY CS","3062696","71585","XMM","ALBERTA","56,65","-111,21","368,8"
"FORT SASKATCHEWAN","D","FORT SASKATCHEWAN","3012710","","","ALBERTA","53,72","-113,18","620,0"
"GARDEN RIVER","G","GARDEN RIVER","307KPFP","71253","WGF","ALBERTA","58,71","-113,87","240,8"
"GRANDE PRAIRIE","C","GRANDE PRAIRIE A","3072920","71940","YQU","ALBERTA","55,18","-118,89","669,0"
"GRANDE PRAIRIE","C","GRANDE PRAIRIE A","3072921","71940","YQU","ALBERTA","55,18","-118,88","669,0"
"HIGH LEVEL","A","HIGH LEVEL A","3073140","71066","YOJ","ALBERTA","58,62","-117,16","338,0"
"HIGH LEVEL","A","HIGH LEVEL A","3073146","","YOJ","ALBERTA","58,62","-117,16","338,0"
"JASPER","C","JASPER","3053520","","","ALBERTA","52,88","-118,07","1062,2"
"JASPER","C","JASPER WARDEN","3053536","71486","WJW","ALBERTA","52,93","-118,03","1020,0"
"LAC LA BICHE","E","LAC LA BICHE (AUT)","3063685","","","ALBERTA","54,77","-112,02","567,0"
"LAC LA BICHE","E","LAC LA BICHE CLIMATE","3063686","71316","WLB","ALBERTA","54,77","-112,02","567,0"
"LETHBRIDGE","C","LETHBRIDGE","3033875","71267","YQL","ALBERTA","49,63","-112,80","929,0"
"LETHBRIDGE","C","LETHBRIDGE A","3033880","","YQL","ALBERTA","49,63","-112,80","928,7"
"LETHBRIDGE","C","LETHBRIDGE AWOS A","3033884","","YQL","ALBERTA","49,63","-112,80","929,0"
"LETHBRIDGE","C","LETHBRIDGE CDA","3033890","71243","WQL","ALBERTA","49,70","-112,77","910,0"
"LLOYDMINSTER","A","LLOYDMINSTER","3013959","71871","YLL","ALBERTA","53,31","-110,07","668,7"
"LLOYDMINSTER","A","LLOYDMINSTER A","3013961","","","ALBERTA","53,31","-110,07","668,4"
"MEDICINE HAT","C","MEDICINE HAT","3034479","71247","YXH","ALBERTA","50,02","-110,72","716,9"
"MEDICINE HAT","C","MEDICINE HAT A","3034480","","YXH","ALBERTA","50,02","-110,72","716,9"
"MEDICINE HAT","C","MEDICINE HAT AWOS","3034483","","","ALBERTA","50,02","-110,72","716,9"
"MEDICINE HAT","C","MEDICINE HAT RCS","3034485","71026","XMW","ALBERTA","50,03","-110,72","715,0"
"MILK RIVER","D","MILK RIVER","3044533","71244","WRY","ALBERTA","49,13","-112,05","1050,0"
"NORDEGG","D","NORDEGG CS","3054843","71060","XND","ALBERTA","52,49","-116,04","1332,0"
"NORDEGG","D","NORDEGG RS","3054845","","","ALBERTA","52,50","-116,05","1320,1"
"ONEFOUR","E","ONEFOUR CDA","3044923","71116","WOE","ALBERTA","49,12","-110,47","935,0"
"PEACE RIVER","C","PEACE RIVER A","3075040","71068","YPE","ALBERTA","56,23","-117,45","570,9"
"PEACE RIVER","C","PEACE RIVER A","3075041","71068","YPE","ALBERTA","56,23","-117,45","570,9"
"PINCHER CREEK","D","PINCHER CREEK","3035198","71085","ZPC","ALBERTA","49,52","-114,00","1189,6"
"PINCHER CREEK","D","PINCHER CREEK (AUT)","3035206","","PPX","ALBERTA","49,52","-114,00","1189,6"
"PINCHER CREEK","D","PINCHER CREEK A","3035202","","","ALBERTA","49,52","-114,00","1189,9"
"PINCHER CREEK","D","PINCHER CREEK CLIMATE","3035208","71736","PCK","ALBERTA","49,52","-114,00","1190,0"
"QUEENSTOWN","A","QUEENSTOWN","3035340","","","ALBERTA","50,61","-112,98","940,0"
"RED DEER","C","RED DEER A","3025480","71878","YQF","ALBERTA","52,18","-113,89","904,6"
"RED DEER","C","RED DEER REGIONAL A","3025481","","YQF","ALBERTA","52,18","-113,89","904,6"
"RED DEER","C","RED DEER REGIONAL A","3025484","71878","YQF","ALBERTA","52,18","-113,89","904,6"
"RED EARTH","E","RED EARTH","3075488","71246","WRD","ALBERTA","56,55","-115,28","546,0"
"SLAVE LAKE","C","SLAVE LAKE","3065995","71369","YZH","ALBERTA","55,29","-114,78","582,8"
"SLAVE LAKE","C","SLAVE LAKE A","3065999","","","ALBERTA","55,28","-114,78","582,8"
"SLAVE LAKE","C","SLAVE LAKE A","3066001","","","ALBERTA","55,30","-114,78","580,6"
"SLAVE LAKE","C","SLAVE LAKE AWOS A","3066002","","PLV","ALBERTA","55,29","-114,78","582,8"
"SLAVE LAKE","C","SLAVE LAKE RCS","3065997","71693","PZH","ALBERTA","55,29","-114,78","582,8"
"SUNDRE","D","SUNDRE A","3026KNQ","71248","WAV","ALBERTA","51,78","-114,68","1114,4"
"VAUXHALL","E","VAUXHALL CDA CS","3036682","71251","WVO","ALBERTA","50,05","-112,13","779,0"
"VEGREVILLE","C","VEGREVILLE","3016GF0","71458","WVI","ALBERTA","53,51","-112,10","639,3"
"WHITECOURT","C","WHITECOURT A","3057376","","YZU","ALBERTA","54,14","-115,79","782,4"
"WHITECOURT","C","WHITECOURT A","3067372","","YZU","ALBERTA","54,14","-115,79","782,4"
"WHITECOURT","C","WHITECOURT A","3067373","71930","YZU","ALBERTA","54,14","-115,79","782,4"
"ABBOTSFORD","C","ABBOTSFORD A","1100030","71108","YXX","COLOMBIE-BRITANNIQUE","49,03","-122,36","59,1"
"ABBOTSFORD","C","ABBOTSFORD A","1100031","71108","YXX","COLOMBIE-BRITANNIQUE","49,03","-122,36","59,1"
"ADDENBROKE ISLAND","A","ADDENBROKE ISLAND","1060080","","WCZ","COLOMBIE-BRITANNIQUE","51,60","-127,86","21,3"
"AGASSIZ","C","AGASSIZ CDA","1100120","","","COLOMBIE-BRITANNIQUE","49,24","-121,76","15,0"
"AGASSIZ","C","AGASSIZ RCS","1100119","71113","WZA","COLOMBIE-BRITANNIQUE","49,24","-121,76","19,3"
"ATLIN","C","ATLIN","1200560","","","COLOMBIE-BRITANNIQUE","59,57","-133,70","673,6"
"BELLA COOLA","C","BELLA COOLA A","1060841","71206","YBD","COLOMBIE-BRITANNIQUE","52,39","-126,60","35,7"
"BELLA COOLA","C","BELLA COOLA AIRPORT","1060844","71533","VBD","COLOMBIE-BRITANNIQUE","52,39","-126,59","36,9"
"BLUE RIVER","C","BLUE RIVER A","1160899","","YCP","COLOMBIE-BRITANNIQUE","52,13","-119,29","690,4"
"BLUE RIVER","C","BLUE RIVER CS","1160H99","71883","WSV","COLOMBIE-BRITANNIQUE","52,13","-119,29","682,8"
"BOAT BLUFF","B","BOAT BLUFF","1060901","","WZM","COLOMBIE-BRITANNIQUE","52,64","-128,52","10,7"
"BONILLA ISLAND","A","BONILLA ISLAND","1060902","","WVB","COLOMBIE-BRITANNIQUE","53,49","-130,64","16,2"
"BONILLA ISLAND","A","BONILLA ISLAND (AUT)","1060R0K","71484","WWL","COLOMBIE-BRITANNIQUE","53,49","-130,64","12,5"
"BURNS LAKE DECKER LAKE","E","BURNS LAKE DECKER LAKE","1091174","71952","WPZ","COLOMBIE-BRITANNIQUE","54,38","-125,96","713,2"
"CAMPBELL RIVER","C","CAMPBELL RIVER A","1021261","","YBL","COLOMBIE-BRITANNIQUE","49,95","-125,27","108,8"
"CAMPBELL RIVER","C","CAMPBELL RIVER A","1021270","","YBL","COLOMBIE-BRITANNIQUE","49,95","-125,27","108,8"
"CAPE BEALE LIGHT","C","CAPE BEALE LIGHT","1031316","","","COLOMBIE-BRITANNIQUE","48,79","-125,22","25,9"
"CLINTON","E","CLINTON (AUT)","1161661","","ZCL","COLOMBIE-BRITANNIQUE","51,14","-121,50","1056,7"
"CLINTON","E","CLINTON A","1161662","71717","YIN","COLOMBIE-BRITANNIQUE","51,27","-121,68","1126,2"
"CLINTON","E","CLINTON RCS","1161663","71474","NCN","COLOMBIE-BRITANNIQUE","51,14","-121,50","1059,0"
"COMOX","A","COMOX A","1021830","71893","YQQ","COLOMBIE-BRITANNIQUE","49,72","-124,90","25,6"
"CRANBROOK","B","CRANBROOK A","1152102","71880","YXC","COLOMBIE-BRITANNIQUE","49,61","-115,78","940,0"
"CRANBROOK","B","CRANBROOK A","1152105","71880","YXC","COLOMBIE-BRITANNIQUE","49,61","-115,78","940,0"
"CRANBROOK","B","CRANBROOK AIRPORT AUTO","1152106","71660","VXC","COLOMBIE-BRITANNIQUE","49,62","-115,79","926,7"
"CRESTON","A","CRESTON","1142160","","","COLOMBIE-BRITANNIQUE","49,10","-116,52","610,4"
"CRESTON","A","CRESTON CAMPBELL SCIENTIFIC","114B1F0","71770","WJR","COLOMBIE-BRITANNIQUE","49,08","-116,50","640,7"
"DAWSON CREEK","D","DAWSON CREEK A","1182285","71471","YDQ","COLOMBIE-BRITANNIQUE","55,74","-120,18","654,7"
"DAWSON CREEK","D","DAWSON CREEK A","1182289","71471","YDQ","COLOMBIE-BRITANNIQUE","55,74","-120,18","654,7"
"DEASE LAKE","D","DEASE LAKE","1192340","71958","WDL","COLOMBIE-BRITANNIQUE","58,43","-130,01","806,6"
"DEASE LAKE","D","DEASE LAKE (AUT)","119BLM0","71222","WKX","COLOMBIE-BRITANNIQUE","58,43","-130,03","800,7"
"DEASE LAKE","D","DEASE LAKE A","1192341","71686","YDL","COLOMBIE-BRITANNIQUE","58,42","-130,03","802,8"
"DEASE LAKE","D","DEASE LAKE LWIS","1192345","","","COLOMBIE-BRITANNIQUE","58,42","-130,03","792,5"
"DRYAD POINT","A","DRYAD POINT","1062544","","WAU","COLOMBIE-BRITANNIQUE","52,19","-128,11","3,5"
"ESTEVAN POINT","A","ESTEVAN POINT","1032730","","","COLOMBIE-BRITANNIQUE","49,38","-126,54","5,8"
"ESTEVAN POINT","A","ESTEVAN POINT CS","1032731","71894","WEB","COLOMBIE-BRITANNIQUE","49,38","-126,54","5,8"
"FORT NELSON","C","FORT NELSON","1192948","71594","VFN","COLOMBIE-BRITANNIQUE","58,84","-122,57","380,2"
"FORT NELSON","C","FORT NELSON A","1192940","71945","YYE","COLOMBIE-BRITANNIQUE","58,84","-122,60","381,9"
"FORT NELSON","C","FORT NELSON A","1192946","71945","YYE","COLOMBIE-BRITANNIQUE","58,84","-122,60","381,9"
"FORT NELSON","C","FORT NELSON UA","1192950","71945","","COLOMBIE-BRITANNIQUE","58,84","-122,57","378,3"
"FORT ST. JOHN","C","FORT ST JOHN A","1183000","71943","YXJ","COLOMBIE-BRITANNIQUE","56,24","-120,74","694,9"
"FORT ST. JOHN","C","FORT ST. JOHN A","1183001","71943","YXJ","COLOMBIE-BRITANNIQUE","56,24","-120,74","694,9"
"GOLDEN","C","GOLDEN A","1173210","71173","YGE","COLOMBIE-BRITANNIQUE","51,30","-116,98","784,9"
"GOLDEN","C","GOLDEN A","1173214","","YGE","COLOMBIE-BRITANNIQUE","51,30","-116,98","784,9"
"GOLDEN","C","GOLDEN AIRPORT","1173220","71905","VGE","COLOMBIE-BRITANNIQUE","51,30","-116,98","785,0"
"HOLLAND ROCK","F","HOLLAND ROCK","1063496","71219","WHL","COLOMBIE-BRITANNIQUE","54,17","-130,36","5,5"
"KAMLOOPS","C","KAMLOOPS A","1163780","71887","YKA","COLOMBIE-BRITANNIQUE","50,70","-120,44","345,3"
"KAMLOOPS","C","KAMLOOPS A","1163781","71887","YKA","COLOMBIE-BRITANNIQUE","50,70","-120,45","345,3"
"KAMLOOPS","C","KAMLOOPS AUT","1163842","71741","ZKA","COLOMBIE-BRITANNIQUE","50,70","-120,44","345,0"
"KELOWNA","E","KELOWNA","1123939","71203","YLW","COLOMBIE-BRITANNIQUE","49,96","-119,38","433,1"
"KELOWNA","E","KELOWNA A","1123970","71203","YLW","COLOMBIE-BRITANNIQUE","49,96","-119,38","429,5"
"KELOWNA","E","KELOWNA AWOS","1123965","","VLW","COLOMBIE-BRITANNIQUE","49,96","-119,38","429,5"
"LANGARA ISLAND","A","LANGARA","1054500","71899","WLA","COLOMBIE-BRITANNIQUE","54,26","-133,06","42,7"
"LANGARA ISLAND","A","LANGARA ISLAND RCS","1054503","71903","WJU","COLOMBIE-BRITANNIQUE","54,26","-133,06","46,9"
"LYTTON","E","LYTTON","1114739","","WLY","COLOMBIE-BRITANNIQUE","50,22","-121,58","225,0"
"LYTTON","E","LYTTON A","1114738","71812","WLY","COLOMBIE-BRITANNIQUE","50,22","-121,58","224,9"
"LYTTON","E","LYTTON RCS","1114746","71765","VLY","COLOMBIE-BRITANNIQUE","50,22","-121,58","225,0"
"MACKENZIE","D","MACKENZIE","1184791","71290","YZY","COLOMBIE-BRITANNIQUE","55,30","-123,13","690,1"
"MACKENZIE","D","MACKENZIE A","1184790","","VMK","COLOMBIE-BRITANNIQUE","55,31","-123,14","690,1"
"MACKENZIE","D","MACKENZIE AIRPORT AUTO","1184793","71944","VZY","COLOMBIE-BRITANNIQUE","55,31","-123,14","694,0"
"NAKUSP","F","NAKUSP CS","1145297","71216","WNP","COLOMBIE-BRITANNIQUE","50,27","-117,82","512,1"
"NELSON","F","NELSON CS","1145M29","71776","WNM","COLOMBIE-BRITANNIQUE","49,49","-117,31","534,9"
"OSOYOOS","E","OSOYOOS CS","1125852","71215","WYY","COLOMBIE-BRITANNIQUE","49,03","-119,44","282,9"
"PEMBERTON","E","PEMBERTON AIRPORT (WIND)","1086081","","WPN","COLOMBIE-BRITANNIQUE","50,30","-122,74","203,0"
"PEMBERTON","E","PEMBERTON AIRPORT CS","1086082","71777","WGP","COLOMBIE-BRITANNIQUE","50,31","-122,73","204,3"
"PENTICTON","C","PENTICTON A","1126146","71889","YYF","COLOMBIE-BRITANNIQUE","49,46","-119,60","344,4"
"PENTICTON","C","PENTICTON A","1126150","71889","YYF","COLOMBIE-BRITANNIQUE","49,46","-119,60","344,4"
"PITT MEADOWS","C","PITT MEADOWS CS","1106178","71775","WMM","COLOMBIE-BRITANNIQUE","49,21","-122,69","5,0"
"PLEASANT CAMP","C","PLEASANT CAMP","1206197","","","COLOMBIE-BRITANNIQUE","59,45","-136,37","274,3"
"PORT HARDY","C","PORT HARDY A","1026270","71109","YZT","COLOMBIE-BRITANNIQUE","50,68","-127,37","21,6"
"PORT HARDY","C","PORT HARDY A","1026271","71109","YZT","COLOMBIE-BRITANNIQUE","50,68","-127,37","21,6"
"PRINCE GEORGE","C","PRINCE GEORGE","1096439","71896","YXS","COLOMBIE-BRITANNIQUE","53,88","-122,68","691,0"
"PRINCE GEORGE","C","PRINCE GEORGE A","1096450","71896","YXS","COLOMBIE-BRITANNIQUE","53,89","-122,68","691,3"
"PRINCE GEORGE","C","PRINCE GEORGE AIRPORT AUTO","1096453","71302","VXS","COLOMBIE-BRITANNIQUE","53,89","-122,67","680,0"
"PRINCETON","C","PRINCETON A","1126510","","YDC","COLOMBIE-BRITANNIQUE","49,47","-120,51","701,7"
"PRINCETON","C","PRINCETON CS","112FN0M","71032","WPR","COLOMBIE-BRITANNIQUE","49,47","-120,51","696,5"
"QUESNEL","C","QUESNEL","1096629","71192","YQZ","COLOMBIE-BRITANNIQUE","53,03","-122,51","545,0"
"QUESNEL","C","QUESNEL A","1096630","","","COLOMBIE-BRITANNIQUE","53,03","-122,51","545,0"
"QUESNEL","C","QUESNEL AIRPORT AUTO","1096631","71779","VQZ","COLOMBIE-BRITANNIQUE","53,03","-122,51","545,3"
"QUESNEL","C","QUESNEL AWOS","1096625","71103","CQZ","COLOMBIE-BRITANNIQUE","53,03","-122,51","545,0"
"REVELSTOKE","E","REVELSTOKE A","1176745","71685","YRV","COLOMBIE-BRITANNIQUE","50,97","-118,18","444,7"
"REVELSTOKE","E","REVELSTOKE A","1176749","","ZRV","COLOMBIE-BRITANNIQUE","50,96","-118,18","444,7"
"REVELSTOKE","E","REVELSTOKE AIRPORT AUTO","1176755","71882","VRA","COLOMBIE-BRITANNIQUE","50,96","-118,18","444,7"
"SALMON ARM","D","SALMON ARM A","1166R45","","","COLOMBIE-BRITANNIQUE","50,69","-119,23","527,3"
"SALMON ARM","D","SALMON ARM CS","116FRMN","71218","WSL","COLOMBIE-BRITANNIQUE","50,70","-119,29","350,5"
"SANDSPIT","C","SANDSPIT","1057052","71111","YZP","COLOMBIE-BRITANNIQUE","53,25","-131,81","6,4"
"SANDSPIT","C","SANDSPIT A","1057050","","YZP","COLOMBIE-BRITANNIQUE","53,25","-131,81","6,4"
"SANDSPIT","C","SANDSPIT AIRPORT AUTO","1057051","71101","VZP","COLOMBIE-BRITANNIQUE","53,25","-131,81","6,5"
"SANDSPIT","C","SANDSPIT AWOS","1057055","","CZP","COLOMBIE-BRITANNIQUE","53,25","-131,81","6,4"
"SATURNA CAPMON","C","SATURNA CAPMON","1017098","","","COLOMBIE-BRITANNIQUE","48,78","-123,13","178,0"
"SATURNA CAPMON","C","SATURNA CAPMON CS","1017099","71914","VTS","COLOMBIE-BRITANNIQUE","48,78","-123,13","178,0"
"SMITHERS","A","SMITHERS","1077499","71950","YYD","COLOMBIE-BRITANNIQUE","54,83","-127,18","523,0"
"SMITHERS","A","SMITHERS A","1077500","","YYD","COLOMBIE-BRITANNIQUE","54,82","-127,18","521,8"
"SMITHERS","A","SMITHERS AIRPORT AUTO","1077501","71268","VYD","COLOMBIE-BRITANNIQUE","54,82","-127,19","517,6"
"SPARWOOD","C","SPARWOOD","1157630","","","COLOMBIE-BRITANNIQUE","49,75","-114,88","1137,7"
"SPARWOOD","C","SPARWOOD CS","1157631","71782","WGW","COLOMBIE-BRITANNIQUE","49,75","-114,88","1136,7"
"SQUAMISH","C","SQUAMISH AIRPORT","10476F0","71207","WSK","COLOMBIE-BRITANNIQUE","49,78","-123,16","53,7"
"STEWART","C","STEWART A","1067742","","ZST","COLOMBIE-BRITANNIQUE","55,94","-129,99","7,3"
"STEWART","C","STEWART A","1067748","","ZST","COLOMBIE-BRITANNIQUE","55,93","-129,98","7,3"
"TATLAYOKO LAKE","C","TATLAYOKO LAKE","1088010","","","COLOMBIE-BRITANNIQUE","51,67","-124,41","870,0"
"TATLAYOKO LAKE","C","TATLAYOKO LAKE RCS","1088015","71028","XTL","COLOMBIE-BRITANNIQUE","51,67","-124,40","875,0"
"TERRACE","C","TERRACE A","1068130","71951","YXT","COLOMBIE-BRITANNIQUE","54,47","-128,58","217,3"
"TERRACE","C","TERRACE A","1068134","71951","YXT","COLOMBIE-BRITANNIQUE","54,47","-128,58","217,3"
"VANCOUVER (PORT)","C","VANCOUVER HARBOUR CS","1108446","71201","WHC","COLOMBIE-BRITANNIQUE","49,30","-123,12","2,5"
"VANCOUVER INTERNATIONAL (AÉROPORT)","C","VANCOUVER INT'L A","1108447","","YVR","COLOMBIE-BRITANNIQUE","49,20","-123,18","4,3"
"VANCOUVER INTERNATIONAL (AÉROPORT)","C","VANCOUVER INTL A","1108395","71892","YVR","COLOMBIE-BRITANNIQUE","49,19","-123,18","4,3"
"VERNON","D","VERNON AUTO","1128582","71115","WJV","COLOMBIE-BRITANNIQUE","50,22","-119,19","482,0"
"VERNON","D","VERNON BELLA VISTA","1128553","","","COLOMBIE-BRITANNIQUE","50,26","-119,31","427,0"
"VERNON","D","VERNON COLDSTREAM RANCH","1128580","","","COLOMBIE-BRITANNIQUE","50,22","-119,20","482,2"
"VERNON","D","VERNON CS","1128581","","","COLOMBIE-BRITANNIQUE","50,22","-119,19","482,0"
"VICTORIA (AÉROPORT)","C","VICTORIA INT'L A","1018620","71799","YYJ","COLOMBIE-BRITANNIQUE","48,65","-123,43","19,5"
"VICTORIA (AÉROPORT)","C","VICTORIA INTL A","1018621","71799","YYJ","COLOMBIE-BRITANNIQUE","48,65","-123,43","19,5"
"VICTORIA (UNIVERSITÉ)","D","VICTORIA UNIVERSITY CS","1018598","71783","WYJ","COLOMBIE-BRITANNIQUE","48,46","-123,30","60,1"
"VICTORIA GONZALES (CITÉ)","D","VICTORIA GONZALES CS","1018611","71200","WLM","COLOMBIE-BRITANNIQUE","48,41","-123,32","61,0"
"VICTORIA GONZALES (CITÉ)","D","VICTORIA GONZALES HTS","1018610","","WLM","COLOMBIE-BRITANNIQUE","48,41","-123,33","69,5"
"WARFIELD","D","WARFIELD","1148700","","","COLOMBIE-BRITANNIQUE","49,10","-117,75","605,6"
"WARFIELD","D","WARFIELD RCS","1148705","71401","XWF","COLOMBIE-BRITANNIQUE","49,11","-117,74","566,9"
"WILLIAMS LAKE","D","WILLIAMS LAKE A","1098940","71104","YWL","COLOMBIE-BRITANNIQUE","52,18","-122,05","939,7"
"WILLIAMS LAKE","D","WILLIAMS LAKE A","1098941","71104","YWL","COLOMBIE-BRITANNIQUE","52,18","-122,05","939,7"
"BERENS RIVER","D","BERENS RIVER CS","5030203","71158","WCF","MANITOBA","52,36","-97,02","221,9"
"BRANDON","C","BRANDON A","5010480","71140","YBR","MANITOBA","49,91","-99,95","409,4"
"BRANDON","C","BRANDON A","5010481","71140","YBR","MANITOBA","49,91","-99,95","409,3"
"CHURCHILL","C","CHURCHILL A","5060600","","YYQ","MANITOBA","58,74","-94,07","29,3"
"CHURCHILL","C","CHURCHILL A","5060605","71618","YYQ","MANITOBA","58,74","-94,07","29,3"
"CHURCHILL","C","CHURCHILL CLIMATE","5060608","71696","PYQ","MANITOBA","58,73","-94,07","28,5"
"CHURCHILL","C","CHURCHILL UA","5060606","71913","","MANITOBA","58,73","-94,07","28,5"
"CYPRESS RIVER","C","CYPRESS RIVER","5010640","","","MANITOBA","49,55","-99,08","374,3"
"CYPRESS RIVER","C","CYPRESS RIVER RCS","5010641","71239","POY","MANITOBA","49,56","-99,07","374,0"
"DAUPHIN","D","DAUPHIN","5040689","71036","YDN","MANITOBA","51,10","-100,05","304,5"
"DAUPHIN","D","DAUPHIN A","5040680","","PDH","MANITOBA","51,10","-100,05","304,5"
"DAUPHIN","D","DAUPHIN CS","5040681","71550","WZT","MANITOBA","51,10","-100,06","304,5"
"ELKHORN","D","ELKHORN 2 EAST","5010QFQ","","","MANITOBA","49,93","-101,20","497,5"
"EMERSON","C","EMERSON","5020880","","","MANITOBA","49,03","-97,18","237,6"
"EMERSON","C","EMERSON AUT","5020882","71560","WEX","MANITOBA","49,00","-97,24","242,0"
"EMERSON","C","EMERSON AUTO","5020881","71560","WEX","MANITOBA","49,00","-97,24","242,0"
"FLIN FLON","A","FLIN FLON","5050919","71954","WFO","MANITOBA","54,68","-101,68","303,9"
"FLIN FLON","A","FLIN FLON","5050920","","","MANITOBA","54,77","-101,88","320,0"
"FLIN FLON","A","FLIN FLON A","5050960","","YFO","MANITOBA","54,68","-101,68","303,9"
"GILLAM","C","GILLAM","5060999","73087","WGX","MANITOBA","56,36","-94,70","145,3"
"GILLAM","C","GILLAM A","5061001","71912","YGX","MANITOBA","56,36","-94,71","145,1"
"GILLAM","C","GILLAM A","5061022","71912","YGX","MANITOBA","56,36","-94,71","145,1"
"GIMLI","C","GIMLI","5031038","","","MANITOBA","50,63","-97,02","222,8"
"GIMLI","C","GIMLI","5031039","","","MANITOBA","50,63","-97,02","222,8"
"GIMLI","C","GIMLI CLIMATE","5031042","71748","PGH","MANITOBA","50,63","-97,05","230,1"
"GRAND RAPIDS HYDRO","D","GRAND RAPIDS (AUT)","5031A10","71858","WJD","MANITOBA","53,19","-99,27","222,5"
"GRAND RAPIDS HYDRO","D","GRAND RAPIDS HYDRO","5031111","","","MANITOBA","53,16","-99,28","222,5"
"HODGSON","C","HODGSON 2","5031301","","","MANITOBA","51,19","-97,47","231,7"
"HODGSON","C","HODGSON 3","5031310","","","MANITOBA","51,21","-97,57","231,7"
"INDIAN BAY","C","INDIAN BAY","5031320","","","MANITOBA","49,62","-95,20","326,7"
"ISLAND LAKE","C","ISLAND LAKE A","5061374","71145","YIV","MANITOBA","53,86","-94,65","235,3"
"ISLAND LAKE","C","ISLAND LAKE A","5061375","","YIV","MANITOBA","53,86","-94,65","235,3"
"ISLAND LAKE","C","ISLAND LAKE A","5061376","71145","YIV","MANITOBA","53,85","-94,65","235,6"
"LYNN LAKE","C","LYNN LAKE","5061645","71078","YYL","MANITOBA","56,86","-101,08","356,6"
"LYNN LAKE","C","LYNN LAKE","5061648","","PNK","MANITOBA","56,86","-101,08","356,6"
"LYNN LAKE","C","LYNN LAKE A","5061646","","","MANITOBA","56,86","-101,08","356,6"
"LYNN LAKE","C","LYNN LAKE RCS","5061649","71632","PLE","MANITOBA","56,85","-101,07","354,2"
"MAFEKING","C","MAFEKING","5041685","","","MANITOBA","52,67","-101,10","325,0"
"MELITA","D","MELITA","501A7AR","71447","WEI","MANITOBA","49,28","-100,99","445,9"
"MORDEN","C","MORDEN CDA","5021848","","","MANITOBA","49,18","-98,08","297,5"
"MORDEN","C","MORDEN CDA CS","5021849","71564","XMD","MANITOBA","49,19","-98,08","297,5"
"NORWAY HOUSE","D","NORWAY HOUSE","5062040","71410","YNE","MANITOBA","53,96","-97,84","223,7"
"NORWAY HOUSE","D","NORWAY HOUSE","5062045","","","MANITOBA","53,97","-97,85","223,7"
"NORWAY HOUSE","D","NORWAY HOUSE A","506B047","","","MANITOBA","53,95","-97,85","223,7"
"PINAWA","D","PINAWA","503B1ER","71448","WEA","MANITOBA","50,18","-96,06","268,0"
"PINAWA","D","PINAWA WNRE","5032162","","","MANITOBA","50,18","-96,06","266,7"
"PORTAGE SOUTHPORT","D","PORTAGE SOUTHPORT","5012324","71851","WPG","MANITOBA","49,90","-98,28","272,7"
"PORTAGE SOUTHPORT","D","PORTAGE SOUTHPORT A","5012320","","YPG","MANITOBA","49,90","-98,27","269,7"
"ROBLIN","C","ROBLIN","5012469","71553","WXB","MANITOBA","51,18","-101,36","539,5"
"ROBLIN","C","ROBLIN","5012472","","","MANITOBA","51,23","-101,38","556,0"
"THE PAS","B","THE PAS A","5052880","71867","YQD","MANITOBA","53,97","-101,10","270,4"
"THE PAS","B","THE PAS A","5052881","","YQD","MANITOBA","53,97","-101,09","270,6"
"THE PAS","B","THE PAS A","5052882","71867","YQD","MANITOBA","53,97","-101,09","270,6"
"THE PAS","B","THE PAS CLIMATE","5052890","71695","PQD","MANITOBA","53,97","-101,10","274,0"
"THOMPSON","B","THOMPSON A","5062921","71079","YTH","MANITOBA","55,80","-97,86","224,0"
"THOMPSON","B","THOMPSON A","5062922","71079","YTH","MANITOBA","55,80","-97,86","224,0"
"WINNIPEG RICHARDSON (AÉROPORT)","C","WINNIPEG A CS","502S001","71849","XWG","MANITOBA","49,92","-97,25","238,7"
"WINNIPEG RICHARDSON (AÉROPORT)","C","WINNIPEG INTL A","5023227","","YWG","MANITOBA","49,91","-97,24","238,7"
"WINNIPEG RICHARDSON (AÉROPORT)","C","WINNIPEG RICHARDSON AWOS","5023226","71852","YWG","MANITOBA","49,92","-97,23","238,7"
"WINNIPEG RICHARDSON (AÉROPORT)","C","WINNIPEG RICHARDSON INT'L A","5023222","71852","YWG","MANITOBA","49,92","-97,23","238,7"
"ALMA/FUNDY PARK","C","ALMA","8100200","","","NOUVEAU-BRUNSWICK","45,60","-64,95","42,7"
"ALMA/FUNDY PARK","C","FUNDY PARK (ALMA) CS","8101746","71191","AFY","NOUVEAU-BRUNSWICK","45,60","-64,95","42,7"
"AROOSTOOK","D","AROOSTOOK","8100300","","","NOUVEAU-BRUNSWICK","46,71","-67,72","80,0"
"BAS CARAQUET","C","BAS CARAQUET","8100467","71598","WXS","NOUVEAU-BRUNSWICK","47,80","-64,83","5,0"
"BAS CARAQUET","C","BAS CARAQUET","8100468","","","NOUVEAU-BRUNSWICK","47,80","-64,87","10,7"
"BATHURST","D","BATHURST A","8100503","71574","ZBF","NOUVEAU-BRUNSWICK","47,63","-65,75","58,8"
"BATHURST","D","BATHURST A","8100505","","ZBF","NOUVEAU-BRUNSWICK","47,63","-65,74","58,8"
"BATHURST","D","BATHURST A","8100506","71574","ZBF","NOUVEAU-BRUNSWICK","47,63","-65,74","58,8"
"BOUCTOUCHE","D","BOUCTOUCHE CDA","8100592","","","NOUVEAU-BRUNSWICK","46,43","-64,77","36,0"
"BOUCTOUCHE","D","BOUCTOUCHE CDA CS","8100593","71666","ABT","NOUVEAU-BRUNSWICK","46,43","-64,77","35,9"
"CHARLO","C","CHARLO A","8100880","","","NOUVEAU-BRUNSWICK","47,98","-66,33","40,2"
"CHARLO","C","CHARLO AUTO","8100885","71315","ZCR","NOUVEAU-BRUNSWICK","47,99","-66,33","42,0"
"DOAKTOWN","D","DOAKTOWN","8101200","","","NOUVEAU-BRUNSWICK","46,55","-66,14","57,0"
"DOAKTOWN","D","DOAKTOWN AUTO RCS","8101201","71038","ADN","NOUVEAU-BRUNSWICK","46,59","-66,01","43,0"
"EDMUNDSTON","C","EDMUNDSTON","8101303","71590","ERM","NOUVEAU-BRUNSWICK","47,42","-68,32","154,2"
"EDMUNDSTON","C","EDMUNDSTON","810AL00","","","NOUVEAU-BRUNSWICK","47,35","-68,19","163,0"
"FREDERICTON (AÉROPORT)","C","FREDERICTON A","8101500","","","NOUVEAU-BRUNSWICK","45,87","-66,53","20,7"
"FREDERICTON (AÉROPORT)","C","FREDERICTON INTL A","8101505","71700","YFC","NOUVEAU-BRUNSWICK","45,87","-66,54","20,7"
"GRAND MANAN","F","GRAND MANAN SAR CS","8101925","71030","XGM","NOUVEAU-BRUNSWICK","44,71","-66,80","78,2"
"KOUCHIBOUGAUAC","D","KOUCHIBOUGUAC","8102325","","","NOUVEAU-BRUNSWICK","46,77","-65,00","35,1"
"KOUCHIBOUGAUAC","D","KOUCHIBOUGUAC","8102326","71670","AKC","NOUVEAU-BRUNSWICK","46,79","-65,01","21,0"
"KOUCHIBOUGAUAC","D","KOUCHIBOUGUAC CS","8102328","71670","AKC","NOUVEAU-BRUNSWICK","46,78","-65,02","21,0"
"MIRAMICHI","C","MIRAMICHI A","8101000","","","NOUVEAU-BRUNSWICK","47,01","-65,47","32,9"
"MIRAMICHI","C","MIRAMICHI RCS","8100989","71744","ACQ","NOUVEAU-BRUNSWICK","47,01","-65,47","33,0"
"MISCOU ISLAND","F","MISCOU ISLAND (AUT)","8103050","71719","WMI","NOUVEAU-BRUNSWICK","48,01","-64,49","4,0"
"MONCTON","C","MONCTON A","8103200","71705","YQM","NOUVEAU-BRUNSWICK","46,11","-64,68","70,7"
"MONCTON","C","MONCTON/GREATER MONCTON ROMEO LEBLANC INTL A","8103201","71705","YQM","NOUVEAU-BRUNSWICK","46,11","-64,68","70,7"
"POINT LEPREAU","D","POINT LEPREAU CS","8104201","71699","WPE","NOUVEAU-BRUNSWICK","45,07","-66,45","6,0"
"SAINT JOHN","C","SAINT JOHN A","8104900","71609","YSJ","NOUVEAU-BRUNSWICK","45,32","-65,89","108,8"
"SAINT JOHN","C","SAINT JOHN A","8104901","71609","YSJ","NOUVEAU-BRUNSWICK","45,32","-65,89","108,8"
"ST. LEONARD","C","ST LEONARD A","8104928","71703","YSL","NOUVEAU-BRUNSWICK","47,16","-67,83","242,2"
"ST. LEONARD","C","ST LEONARD CS","810I001","71019","WIY","NOUVEAU-BRUNSWICK","47,16","-67,83","245,0"
"ST. STEPHEN","F","ST STEPHEN (AUT)","8104937","71607","WSS","NOUVEAU-BRUNSWICK","45,22","-67,25","26,1"
"ST. STEPHEN","F","ST. STEPHEN","8104935","71607","WSS","NOUVEAU-BRUNSWICK","45,21","-67,25","26,1"
"SUSSEX/FOUR CORNERS","D","SUSSEX","8105200","","","NOUVEAU-BRUNSWICK","45,72","-65,53","21,3"
"SUSSEX/FOUR CORNERS","D","SUSSEX FOUR CORNERS","8105210","71656","ASF","NOUVEAU-BRUNSWICK","45,74","-65,53","47,0"
"UPSALQUITCH LAKE","E","UPSALQUITCH LAKE","8105551","","","NOUVEAU-BRUNSWICK","47,46","-66,42","624,8"
"WOODSTOCK/NEWBRIDGE","A","WOODSTOCK","8105600","","","NOUVEAU-BRUNSWICK","46,17","-67,55","153,0"
"WOODSTOCK/NEWBRIDGE","A","WOODSTOCK NEWBRIDGE","8105603","71606","EWD","NOUVEAU-BRUNSWICK","46,15","-67,54","154,0"
"BEAVER ISLAND","C","BEAVER ISLAND (AUT)","8200558","71403","WBV","NOUVELLE-ÉCOSSE","44,82","-62,33","16,0"
"BRIDGEWATER","D","BRIDGEWATER","8200600","","","NOUVELLE-ÉCOSSE","44,40","-64,55","27,4"
"CARIBOU POINT","F","CARIBOU POINT (AUT)","8200774","71415","WBK","NOUVELLE-ÉCOSSE","45,77","-62,68","2,4"
"CHETICAMP","C","CHETICAMP","8200825","","","NOUVELLE-ÉCOSSE","46,65","-60,95","11,0"
"CHETICAMP","C","CHETICAMP CS","8200827","71959","XCH","NOUVELLE-ÉCOSSE","46,65","-60,95","43,9"
"CHETICAMP","C","CHETICAMP HIGHLANDS NATIONAL PARK","8200828","73023","AHT","NOUVELLE-ÉCOSSE","46,65","-60,95","8,0"
"COLLEGEVILLE","D","COLLEGEVILLE","8201000","","","NOUVELLE-ÉCOSSE","45,48","-62,02","76,2"
"COLLEGEVILLE","D","COLLEGEVILLE AUTO","8201001","71698","AGL","NOUVELLE-ÉCOSSE","45,49","-62,01","69,0"
"DEBERT","D","DEBERT","8201380","","","NOUVELLE-ÉCOSSE","45,42","-63,42","38,1"
"DEBERT","D","DEBERT","8201390","71317","ZDB","NOUVELLE-ÉCOSSE","45,42","-63,47","37,5"
"GREENWOOD","A","GREENWOOD A","8202000","71397","YZX","NOUVELLE-ÉCOSSE","44,98","-64,92","28,0"
"HALIFAX STANFIELD (AÉROPORT)","C","HALIFAX STANFIELD INT'L A","8202250","71395","YHZ","NOUVELLE-ÉCOSSE","44,88","-63,50","145,4"
"HALIFAX STANFIELD (AÉROPORT)","C","HALIFAX STANFIELD INT'L A","8202251","71395","YHZ","NOUVELLE-ÉCOSSE","44,88","-63,51","145,4"
"HART ISLAND","C","HART ISLAND (AUT)","8202318","71419","WRN","NOUVELLE-ÉCOSSE","45,35","-60,98","8,2"
"INGONISH BEACH","D","INGONISH BEACH","8202500","","","NOUVELLE-ÉCOSSE","46,65","-60,40","7,9"
"INGONISH BEACH","D","INGONISH BEACH RCS","8202502","71027","XIB","NOUVELLE-ÉCOSSE","46,66","-60,41","10,0"
"KEJIMKUJIK","D","KEJIMKUJIK 1","8202592","71599","WKG","NOUVELLE-ÉCOSSE","44,40","-65,20","125,0"
"KEJIMKUJIK","D","KEJIMKUJIK PARK","8202590","","","NOUVELLE-ÉCOSSE","44,43","-65,20","126,8"
"NAPPAN","C","NAPPAN AUTO","8203702","71311","XNP","NOUVELLE-ÉCOSSE","45,76","-64,24","19,8"
"NAPPAN","C","NAPPAN CDA","8203700","","","NOUVELLE-ÉCOSSE","45,77","-64,25","19,8"
"NORTH MOUNTAIN","F","NORTH MOUNTAIN CS","8204161","71604","XNM","NOUVELLE-ÉCOSSE","46,82","-60,67","439,4"
"PARRSBORO","C","PARRSBORO","8204400","","","NOUVELLE-ÉCOSSE","45,40","-64,33","24,3"
"PARRSBORO","C","PARRSBORO","8204402","71493","APR","NOUVELLE-ÉCOSSE","45,41","-64,35","30,9"
"PORT HAWKESBURY","F","PORT HAWKESBURY","8204495","71041","YPD","NOUVELLE-ÉCOSSE","45,66","-61,37","114,9"
"PORT HAWKESBURY","F","PORT HAWKESBURY A","8204491","","","NOUVELLE-ÉCOSSE","45,65","-61,38","114,9"
"SABLE ISLAND","F","SABLE ISLAND","8204700","71600","ESA","NOUVELLE-ÉCOSSE","43,93","-60,01","5,0"
"SABLE ISLAND","F","SABLE ISLAND","8204701","","YSA","NOUVELLE-ÉCOSSE","43,93","-60,00","4,0"
"SABLE ISLAND","F","SABLE ISLAND","8204708","73025","ASB","NOUVELLE-ÉCOSSE","43,93","-60,01","1,2"
"SABLE ISLAND","F","SABLE ISLAND A","8204703","71595","WSA","NOUVELLE-ÉCOSSE","43,93","-59,96","1,2"
"SHEARWATER","D","SHEARWATER A","8205090","71601","YAW","NOUVELLE-ÉCOSSE","44,63","-63,50","44,0"
"SHEARWATER","D","SHEARWATER AUTO","8205091","","WAW","NOUVELLE-ÉCOSSE","44,64","-63,51","53,0"
"SHEARWATER","D","SHEARWATER RCS","8205092","71264","AAW","NOUVELLE-ÉCOSSE","44,63","-63,51","24,0"
"ST. PAUL ISLAND","D","ST PAUL ISLAND (AUT)","8204909","71418","WEF","NOUVELLE-ÉCOSSE","47,23","-60,14","27,0"
"SYDNEY","C","SYDNEY A","8205700","71707","YQY","NOUVELLE-ÉCOSSE","46,17","-60,05","61,9"
"SYDNEY","C","SYDNEY A","8205701","71707","YQY","NOUVELLE-ÉCOSSE","46,16","-60,05","61,9"
"SYDNEY","C","SYDNEY CS","8205702","71758","AQY","NOUVELLE-ÉCOSSE","46,16","-60,04","62,5"
"TATAMAGOUCHE","D","TATAMAGOUCHE","8205774","","","NOUVELLE-ÉCOSSE","45,68","-63,23","18,0"
"UPPER STEWIACKE","C","UPPER STEWIACKE","8206200","","","NOUVELLE-ÉCOSSE","45,22","-63,00","22,9"
"UPPER STEWIACKE","C","UPPER STEWIACKE RCS","8204193","71753","AOH","NOUVELLE-ÉCOSSE","45,23","-63,06","23,5"
"WATERVILLE CAMBRIDGE","A","WATERVILLE CAMBRIDGE","8206222","","","NOUVELLE-ÉCOSSE","45,05","-64,65","30,6"
"WESTERN HEAD","E","WESTERN HEAD","8206240","71411","WWE","NOUVELLE-ÉCOSSE","43,99","-64,66","10,1"
"YARMOUTH","C","YARMOUTH A","8206495","71603","YQI","NOUVELLE-ÉCOSSE","43,83","-66,09","42,9"
"YARMOUTH","C","YARMOUTH A","8206500","","YQI","NOUVELLE-ÉCOSSE","43,83","-66,09","43,0"
"YARMOUTH","C","YARMOUTH RCS","8206491","71884","EQI","NOUVELLE-ÉCOSSE","43,83","-66,09","36,0"
"ALERT","C","ALERT","2400300","","WLT","NUNAVUT","82,52","-62,28","30,5"
"ALERT","C","ALERT CLIMATE","2400305","71355","ZLT","NUNAVUT","82,50","-62,33","65,4"
"ALERT","C","ALERT UA","2400306","71082","","NUNAVUT","82,50","-62,33","65,4"
"ARVIAT","C","ARVIAT A","2300427","71174","YEK","NUNAVUT","61,09","-94,07","10,4"
"ARVIAT","C","ARVIAT A","2300MKF","","YEK","NUNAVUT","61,10","-94,07","10,4"
"ARVIAT","C","ARVIAT AWOS","2300426","","YEK","NUNAVUT","61,10","-94,07","10,4"
"ARVIAT","C","ARVIAT CLIMATE","2301153","71322","XAR","NUNAVUT","61,10","-94,07","9,8"
"BAKER LAKE","D","BAKER LAKE A","2300500","71926","YBK","NUNAVUT","64,30","-96,08","18,6"
"BAKER LAKE","D","BAKER LAKE A","2300503","71926","YBK","NUNAVUT","64,30","-96,08","18,6"
"BAKER LAKE","D","BAKER LAKE CLIMATE","2300501","71356","XBL","NUNAVUT","64,32","-96,00","50,8"
"BREVOORT ISLAND","C","BREVOORT ISLAND","2400565","71097","WOB","NUNAVUT","63,34","-64,15","376,0"
"BROUGHTON ISLAND","C","BROUGHTON ISLAND","2400570","71096","WVD","NUNAVUT","67,54","-63,79","584,4"
"CAMBRIDGE BAY","A","CAMBRIDGE BAY A","2400600","71925","YCB","NUNAVUT","69,11","-105,14","31,1"
"CAMBRIDGE BAY","A","CAMBRIDGE BAY A","2400601","71925","YCB","NUNAVUT","69,11","-105,14","31,1"
"CAMBRIDGE BAY","A","CAMBRIDGE BAY GSN","2400602","71288","XCM","NUNAVUT","69,11","-105,14","18,7"
"CLYDE RIVER","D","CLYDE A","2400800","71090","YCY","NUNAVUT","70,49","-68,52","26,5"
"CLYDE RIVER","D","CLYDE AWOS","2400801","71090","YCY","NUNAVUT","70,49","-68,52","26,5"
"CLYDE RIVER","D","CLYDE RIVER A","2400804","71090","YCY","NUNAVUT","70,49","-68,52","26,5"
"CLYDE RIVER","D","CLYDE RIVER CLIMATE","2400802","71358","ZCY","NUNAVUT","70,48","-68,52","26,5"
"CORAL HARBOUR","E","CORAL HARBOUR A","2301000","71915","YZS","NUNAVUT","64,19","-83,36","62,2"
"CORAL HARBOUR","E","CORAL HARBOUR A","2301002","71915","YZS","NUNAVUT","64,19","-83,36","62,2"
"CORAL HARBOUR","E","CORAL HARBOUR RCS","2301010","71134","NZS","NUNAVUT","64,18","-83,35","57,0"
"CROKER RIVER","D","CROKER RIVER","230J01Q","71059","WXR","NUNAVUT","69,28","-119,22","69,4"
"DEWAR LAKES","G","DEWAR LAKES","2401030","71092","WUW","NUNAVUT","68,65","-71,17","526,7"
"EUREKA","B","EUREKA A","2401200","71917","WEU","NUNAVUT","79,98","-85,93","10,4"
"EUREKA","B","EUREKA A","2401203","71917","WEU","NUNAVUT","79,99","-85,81","82,9"
"EUREKA","B","EUREKA A","2401208","","WEU","NUNAVUT","79,99","-85,81","82,9"
"EUREKA","B","EUREKA CLIMATE","2401199","71613","NEK","NUNAVUT","79,99","-85,93","10,0"
"GJOA HAVEN","D","GJOA HAVEN A","2302335","","YHK","NUNAVUT","68,64","-95,85","46,9"
"GJOA HAVEN","D","GJOA HAVEN A","2302337","71597","YHK","NUNAVUT","68,64","-95,85","46,9"
"GJOA HAVEN","D","GJOA HAVEN CLIMATE","2302340","71363","ZHK","NUNAVUT","68,64","-95,85","42,3"
"GRISE FIORD","E","GRISE FIORD","2402346","","WGZ","NUNAVUT","76,42","-82,90","42,7"
"GRISE FIORD","E","GRISE FIORD A","2402360","","WGZ","NUNAVUT","76,43","-82,91","41,1"
"GRISE FIORD","E","GRISE FIORD CLIMATE","2402351","71971","NGC","NUNAVUT","76,42","-82,90","44,5"
"HAT ISLAND","C","HAT ISLAND","2302370","71084","WIL","NUNAVUT","68,32","-100,09","36,1"
"IGLOOLIK","D","IGLOOLIK A","2402543","","YGT","NUNAVUT","69,37","-81,82","52,7"
"IGLOOLIK","D","IGLOOLIK A","2402546","","YGT","NUNAVUT","69,36","-81,82","52,7"
"IQALUIT","D","IQALUIT A","2402590","71909","YFB","NUNAVUT","63,75","-68,55","33,5"
"IQALUIT","D","IQALUIT A","2402596","","YFB","NUNAVUT","63,76","-68,56","33,5"
"IQALUIT","D","IQALUIT AWOS","2402591","71909","YFB","NUNAVUT","63,75","-68,55","33,5"
"IQALUIT","D","IQALUIT CLIMATE","2402592","71321","XFB","NUNAVUT","63,75","-68,54","33,5"
"IQALUIT","D","IQALUIT UA","2402594","71909","","NUNAVUT","63,75","-68,55","21,9"
"KINNGAIT/CAPE DORSET","D","CAPE DORSET A","2400635","71910","YTE","NUNAVUT","64,23","-76,53","48,2"
"KINNGAIT/CAPE DORSET","D","CAPE DORSET AWOS","2400634","71910","YTE","NUNAVUT","64,23","-76,53","48,2"
"KINNGAIT/CAPE DORSET","D","KINNGAIT","2400636","71575","NCD","NUNAVUT","64,23","-76,53","50,0"
"KINNGAIT/CAPE DORSET","D","KINNGAIT AIRPORT","2400637","71366","YTE","NUNAVUT","64,23","-76,53","48,2"
"KUGAARUK","C","KUGAARUK A","2303092","","YBB","NUNAVUT","68,54","-89,80","15,5"
"KUGAARUK","C","KUGAARUK A","2303095","","YBB","NUNAVUT","68,54","-89,81","15,5"
"KUGAARUK","C","KUGAARUK CLIMATE","2303094","71407","NBB","NUNAVUT","68,54","-89,80","15,8"
"KUGLUKTUK","A","KUGLUKTUK A","2300902","71938","YCO","NUNAVUT","67,82","-115,14","22,6"
"KUGLUKTUK","A","KUGLUKTUK A","2300903","71938","YCO","NUNAVUT","67,82","-115,14","22,6"
"KUGLUKTUK","A","KUGLUKTUK CLIMATE","2300904","71332","NCO","NUNAVUT","67,82","-115,14","22,6"
"LUPIN","D","LUPIN A","23026HN","","YWO","NUNAVUT","65,76","-111,25","490,1"
"LUPIN","D","LUPIN CS","230N002","71470","WIJ","NUNAVUT","65,76","-111,25","488,0"
"NAUJAAT/REPULSE BAY","D","NAUJAAT A","2403495","","YUT","NUNAVUT","66,52","-86,22","22,9"
"NAUJAAT/REPULSE BAY","D","REPULSE BAY A","2403490","","YUT","NUNAVUT","66,52","-86,22","22,9"
"PANGNIRTUNG","F","PANGNIRTUNG","2403049","71826","WXP","NUNAVUT","66,14","-65,71","22,6"
"PANGNIRTUNG","F","PANGNIRTUNG A","2403053","","YXP","NUNAVUT","66,15","-65,71","24,1"
"PANGNIRTUNG","F","PANGNIRTUNG A","2403054","","YXP","NUNAVUT","66,15","-65,71","24,0"
"POND INLET","C","POND INLET A","2403201","71095","YIO","NUNAVUT","72,69","-77,97","61,6"
"POND INLET","C","POND INLET A","2403206","71095","YIO","NUNAVUT","72,69","-77,97","61,6"
"POND INLET","C","POND INLET AWOS","2403202","71095","YIO","NUNAVUT","72,69","-77,97","61,6"
"POND INLET","C","POND INLET CLIMATE","2403204","71576","NDT","NUNAVUT","72,69","-77,96","64,7"
"QIKIQTARJUAQ","E","QIKIQTARJUAQ A","2400572","71338","YVM","NUNAVUT","67,55","-64,03","5,5"
"QIKIQTARJUAQ","E","QIKIQTARJUAQ A","2400577","","YVM","NUNAVUT","67,55","-64,03","5,5"
"QIKIQTARJUAQ","E","QIKIQTARJUAQ AWOS","2400571","71338","YVM","NUNAVUT","67,55","-64,03","5,5"
"QIKIQTARJUAQ","E","QIKIQTARJUAQ CLIMATE","2400573","71357","ZVM","NUNAVUT","67,55","-64,03","6,4"
"RANKIN INLET","C","RANKIN INLET A","2303401","71083","YRT","NUNAVUT","62,82","-92,12","32,3"
"RANKIN INLET","C","RANKIN INLET A","2303405","71083","YRT","NUNAVUT","62,81","-92,11","32,3"
"RESOLUTE BAY","C","RESOLUTE BAY A","2403498","71924","YRB","NUNAVUT","74,72","-94,97","67,7"
"RESOLUTE BAY","C","RESOLUTE CARS","2403500","71924","YRB","NUNAVUT","74,72","-94,97","67,7"
"RESOLUTE BAY","C","RESOLUTE CS","2403505","71018","XRB","NUNAVUT","74,72","-94,98","30,0"
"SANIRAJAK/HALL BEACH","D","HALL BEACH A","2402350","71081","YUX","NUNAVUT","68,78","-81,24","9,1"
"SANIRAJAK/HALL BEACH","D","HALL BEACH AWOS","2402352","71081","YUX","NUNAVUT","68,78","-81,24","9,1"
"SANIRAJAK/HALL BEACH","D","SANIRAJAK","2402353","71320","XUX","NUNAVUT","68,78","-81,24","8,2"
"SANIRAJAK/HALL BEACH","D","SANIRAJAK AIRPORT","2402354","71293","YUX","NUNAVUT","68,78","-81,24","9,1"
"SHEPHERD BAY","C","SHEPHERD BAY A","2303685","71911","YUS","NUNAVUT","68,82","-93,43","42,7"
"TALOYOAK","C","TALOYOAK A","2403854","71580","YYH","NUNAVUT","69,55","-93,58","27,4"
"TALOYOAK","C","TALOYOAK A","2403855","71580","YYH","NUNAVUT","69,55","-93,58","27,4"
"TALOYOAK","C","TALOYOAK A","2403856","","YYH","NUNAVUT","69,55","-93,58","27,4"
"WHALE COVE","D","WHALE COVE A","2303986","","YXN","NUNAVUT","62,24","-92,60","12,2"
"WHALE COVE","D","WHALE COVE A","2303990","","YXN","NUNAVUT","62,24","-92,60","12,2"
"ARMSTRONG","D","ARMSTRONG (AUT)","6040325","71841","WYW","ONTARIO","50,29","-88,91","322,5"
"ATIKOKAN","D","ATIKOKAN (AUT)","6020LPQ","71747","WCH","ONTARIO","48,76","-91,63","389,3"
"ATIKOKAN","D","ATIKOKAN MARMION","6020384","","","ONTARIO","48,80","-91,58","442,0"
"BANCROFT","E","BANCROFT AUTO","616I001","71294","WRK","ONTARIO","45,07","-77,88","330,7"
"BIG TROUT LAKE","F","BIG TROUT LAKE","6010740","71208","OTL","ONTARIO","53,82","-89,89","222,5"
"BIG TROUT LAKE","F","BIG TROUT LAKE A","6010735","71675","YTL","ONTARIO","53,82","-89,90","222,5"
"BIG TROUT LAKE","F","BIG TROUT LAKE READAC","6010739","","TBL","ONTARIO","53,82","-89,90","222,2"
"BROCKVILLE","A","BROCKVILLE CLIMATE","6100970","71161","TBO","ONTARIO","44,64","-75,75","120,4"
"BROCKVILLE","A","BROCKVILLE PCC","6100971","","","ONTARIO","44,60","-75,67","96,0"
"BURLINGTON PIERS","C","BURLINGTON PIERS (AUT)","6151061","71437","WWB","ONTARIO","43,30","-79,80","77,4"
"CENTREVILLE","C","CENTREVILLE","6151309","","","ONTARIO","44,40","-76,91","150,0"
"CHAPLEAU","C","CHAPLEAU A","6061361","","","ONTARIO","47,82","-83,35","448,1"
"CHAPLEAU","C","CHAPLEAU A","6061362","71642","YLD","ONTARIO","47,82","-83,35","448,1"
"CHAPLEAU","C","CHAPLEAU A","6061365","","YLD","ONTARIO","47,82","-83,35","448,1"
"COBOURG","F","COBOURG (AUT)","6151684","71431","WNC","ONTARIO","43,95","-78,17","77,7"
"COLLINGWOOD","E","COLLINGWOOD","6111792","71270","WCO","ONTARIO","44,50","-80,22","178,3"
"CORNWALL","C","CORNWALL","6101874","","","ONTARIO","45,02","-74,75","64,0"
"DELHI","D","DELHI CDA","6131982","","","ONTARIO","42,87","-80,55","231,6"
"DELHI","D","DELHI CS","6131983","71573","XDI","ONTARIO","42,87","-80,55","231,7"
"DRUMMOND CENTRE","C","DRUMMOND CENTRE","6102J13","","","ONTARIO","45,03","-76,25","145,0"
"EARLTON","D","EARLTON A","6072223","71684","YXR","ONTARIO","47,70","-79,85","243,8"
"EARLTON","D","EARLTON A","6072225","","YXR","ONTARIO","47,70","-79,85","243,2"
"EARLTON","D","EARLTON AWOS","6072224","","","ONTARIO","47,70","-79,85","243,4"
"EARLTON","D","EARLTON CLIMATE","6072230","71213","TXR","ONTARIO","47,70","-79,85","243,4"
"EGBERT","D","EGBERT CARE","611KBE0","","","ONTARIO","44,23","-79,78","252,0"
"EGBERT","D","EGBERT CS","611E001","71296","XET","ONTARIO","44,23","-79,78","251,0"
"ELORA","E","ELORA AUTOMATIC CLIMATE STATION","614B2H4","","","ONTARIO","43,65","-80,42","376,4"
"ELORA","E","ELORA RCS","6142286","71352","ZEL","ONTARIO","43,65","-80,42","376,4"
"ERIEAU","D","ERIEAU (AUT)","613KLLM","71465","WAJ","ONTARIO","42,25","-81,90","178,0"
"FORT ERIE","D","FORT ERIE","6132470","","","ONTARIO","42,88","-78,97","179,8"
"FORT FRANCES","C","FORT FRANCES A","6022476","","","ONTARIO","48,65","-93,43","342,0"
"FORT FRANCES","C","FORT FRANCES RCS","6022474","71962","TAG","ONTARIO","48,65","-93,44","342,0"
"GERALDTON","B","GERALDTON A","6042716","","YGQ","ONTARIO","49,78","-86,93","348,4"
"GERALDTON","B","GERALDTON A","6042717","","YGQ","ONTARIO","49,78","-86,94","348,4"
"GODERICH","E","GODERICH","6122847","71261","WGD","ONTARIO","43,77","-81,72","213,7"
"GODERICH","E","SALTFORD","6127418","","","ONTARIO","43,75","-81,68","228,6"
"GORE BAY","E","GORE BAY  AWOS","6092930","","OZE","ONTARIO","45,88","-82,57","193,5"
"GORE BAY","E","GORE BAY A","6092925","","YZE","ONTARIO","45,88","-82,57","193,5"
"GORE BAY","E","GORE BAY CLIMATE","6092920","71956","TZE","ONTARIO","45,88","-82,57","188,6"
"GORE BAY","E","GORE BAY-MANITOULIN","6092919","","YZE","ONTARIO","45,88","-82,57","189,9"
"HALIBURTON","A","HALIBURTON 3","6163171","","","ONTARIO","45,03","-78,53","330,0"
"HAMILTON","C","HAMILTON A","6153193","71263","YHM","ONTARIO","43,17","-79,94","237,7"
"HAMILTON","C","HAMILTON A","6153194","71263","YHM","ONTARIO","43,17","-79,93","237,7"
"HARROW","D","HARROW AUTOMATIC CLIMATE STATION","613CC60","","","ONTARIO","42,03","-82,90","190,5"
"HARROW","D","HARROW CDA","6133360","","","ONTARIO","42,03","-82,90","190,5"
"HARROW","D","HARROW CDA AUTO","6133362","71298","XHA","ONTARIO","42,03","-82,90","191,0"
"KAPUSKASING","B","KAPUSKASING A","6073975","","","ONTARIO","49,41","-82,47","226,5"
"KAPUSKASING","B","KAPUSKASING A","6073976","71831","YYU","ONTARIO","49,41","-82,47","226,5"
"KAPUSKASING","B","KAPUSKASING CDA ON","6073980","71299","XKA","ONTARIO","49,41","-82,44","218,0"
"KEMPTVILLE","D","KEMPTVILLE","6104025","","","ONTARIO","45,00","-75,63","99,4"
"KEMPTVILLE","D","KEMPTVILLE CS","6104027","71300","XKE","ONTARIO","45,00","-75,63","99,4"
"KENORA","C","KENORA A","6034075","71850","YQK","ONTARIO","49,79","-94,37","409,7"
"KENORA","C","KENORA A","6034076","71850","YQK","ONTARIO","49,79","-94,36","409,7"
"KILLARNEY","C","KILLARNEY (AUT)","605DJ25","71460","WBE","ONTARIO","45,97","-81,48","196,3"
"KINGSTON","E","KINGSTON A","6104146","","YGK","ONTARIO","44,22","-76,60","92,4"
"KINGSTON","E","KINGSTON CLIMATE","6104142","71820","TKG","ONTARIO","44,22","-76,60","93,0"
"KINGSVILLE","D","KINGSVILLE MOE","6134190","","","ONTARIO","42,04","-82,67","200,0"
"KIRKLAND LAKE","D","KIRKLAND LAKE","6074209","","","ONTARIO","48,15","-80,00","324,0"
"KIRKLAND LAKE","D","KIRKLAND LAKE CS","6074211","71301","XKI","ONTARIO","48,15","-80,00","324,0"
"KITCHENER/WATERLOO","D","KITCHENER/WATERLOO","6144239","71368","YKF","ONTARIO","43,46","-80,38","321,6"
"KITCHENER/WATERLOO","D","REGION OF WATERLOO INT'L AIRPORT","6149388","","","ONTARIO","43,46","-80,38","321,3"
"KITCHENER/WATERLOO","D","WATERLOO WELLINGTON A","6149387","","","ONTARIO","43,45","-80,38","317,0"
"LAGOON CITY","C","LAGOON CITY","6114295","71282","WGL","ONTARIO","44,55","-79,22","220,7"
"LANSDOWNE HOUSE","F","LANSDOWNE HOUSE (AUT)","6014353","71846","WLF","ONTARIO","52,20","-87,94","253,4"
"LONDON","C","LONDON A","6144473","71623","YXU","ONTARIO","43,03","-81,15","278,0"
"LONDON","C","LONDON CS","6144478","71622","WSN","ONTARIO","43,03","-81,15","278,0"
"LONDON","C","LONDON INT'L AIRPORT","6144475","71623","YXU","ONTARIO","43,03","-81,15","278,0"
"MOOSONEE","D","MOOSONEE","6075420","71398","YMO","ONTARIO","51,29","-80,61","9,1"
"MOOSONEE","D","MOOSONEE A","6075428","71836","YMO","ONTARIO","51,29","-80,61","9,1"
"MOOSONEE","D","MOOSONEE AWOS","6075431","71836","YMO","ONTARIO","51,28","-80,60","9,1"
"MOOSONEE","D","MOOSONEE RCS","6075435","71309","XZC","ONTARIO","51,29","-80,62","9,1"
"MOOSONEE","D","MOOSONEE UA","6075425","71836","WZC","ONTARIO","51,27","-80,65","10,0"
"MOUNT FOREST","D","MOUNT FOREST","6145502","","","ONTARIO","43,97","-80,75","404,0"
"MOUNT FOREST","D","MOUNT FOREST (AUT)","6145504","71631","WLS","ONTARIO","43,98","-80,75","414,5"
"MUSKOKA","D","MUSKOKA","6115529","71532","YQA","ONTARIO","44,97","-79,30","281,9"
"MUSKOKA","D","MUSKOKA A","6115525","71630","YQA","ONTARIO","44,97","-79,30","281,9"
"MUSKOKA","D","MUSKOKA AWOS","6115524","","","ONTARIO","44,97","-79,30","281,9"
"NEW GLASGOW","C","NEW GLASGOW","6135583","","","ONTARIO","42,51","-81,64","198,1"
"NORTH BAY","C","NORTH BAY A","6085680","71731","YYB","ONTARIO","46,36","-79,42","370,3"
"NORTH BAY","C","NORTH BAY A","6085700","71731","YYB","ONTARIO","46,36","-79,42","370,3"
"NORTH BAY","C","NORTH BAY A","6085701","","YYB","ONTARIO","46,36","-79,42","370,3"
"OSHAWA","C","OSHAWA","6155875","71697","YOO","ONTARIO","43,92","-78,88","139,9"
"OSHAWA","C","OSHAWA WPCP","6155878","","","ONTARIO","43,87","-78,83","83,8"
"OTTAWA (AÉROPORT)","C","OTTAWA INTL A","6106001","71628","YOW","ONTARIO","45,32","-75,67","114,9"
"OTTAWA (AÉROPORT)","C","OTTAWA MACDONALD-CARTIER INT'L A","6106000","71628","YOW","ONTARIO","45,32","-75,67","114,0"
"OTTAWA (CITÉ)","A","OTTAWA CDA","6105976","","WCG","ONTARIO","45,38","-75,72","79,2"
"OTTAWA (CITÉ)","A","OTTAWA CDA RCS","6105978","71063","XOA","ONTARIO","45,38","-75,72","79,2"
"PEAWANUCK","F","PEAWANUCK (AUT)","6016295","71434","WWN","ONTARIO","54,98","-85,43","52,7"
"PETAWAWA","C","PETAWAWA A","6106398","71625","YWA","ONTARIO","45,95","-77,32","130,1"
"PETAWAWA","C","PETAWAWA AWOS 2","6106396","71625","YWA","ONTARIO","45,95","-77,32","130,1"
"PETAWAWA","C","PETAWAWA HOFFMAN","610FC98","","","ONTARIO","45,88","-77,25","153,0"
"PETERBOROUGH","D","PETERBOROUGH A","6166415","71436","YPQ","ONTARIO","44,23","-78,36","191,4"
"PETERBOROUGH","D","PETERBOROUGH A","6166418","","","ONTARIO","44,23","-78,37","191,4"
"PETERBOROUGH","D","PETERBOROUGH AWOS","6166420","","","ONTARIO","44,23","-78,37","191,4"
"PICKLE LAKE","C","PICKLE LAKE (AUT)","6016525","71835","WPL","ONTARIO","51,45","-90,22","390,8"
"PICKLE LAKE","C","PICKLE LAKE A","6016527","71845","YPL","ONTARIO","51,45","-90,21","386,2"
"PICKLE LAKE","C","PICKLE LAKE A","6016528","","YPL","ONTARIO","51,45","-90,21","386,2"
"PICKLE LAKE","C","PICKLE LAKE A","6016529","71845","YPL","ONTARIO","51,45","-90,21","386,2"
"POINT PETRE","F","POINT PETRE (AUT)","6156559","71430","WQP","ONTARIO","43,83","-77,15","78,6"
"RED LAKE","C","RED LAKE A","6016970","71854","YRL","ONTARIO","51,07","-93,79","385,9"
"RED LAKE","C","RED LAKE A","6016971","","YRL","ONTARIO","51,07","-93,79","385,9"
"RED LAKE","C","RED LAKE A","6016975","71854","YRL","ONTARIO","51,07","-93,79","385,9"
"RIDGETOWN","C","RIDGETOWN AUTOMATIC CLIMATE STATION","6137149","","","ONTARIO","42,45","-81,88","205,7"
"RIDGETOWN","C","RIDGETOWN RCS","6137154","71307","XRG","ONTARIO","42,45","-81,88","205,7"
"SARNIA","D","SARNIA","6127510","71704","YZR","ONTARIO","43,00","-82,31","181,4"
"SARNIA","D","SARNIA AIRPORT","6127514","","","ONTARIO","42,99","-82,30","180,6"
"SARNIA","D","SARNIA CHRIS HADFIELD A","6127518","","","ONTARIO","43,00","-82,31","181,0"
"SARNIA","D","SARNIA CLIMATE","6127519","71746","TZR","ONTARIO","43,00","-82,30","181,0"
"SAULT STE MARIE","C","SAULT STE MARIE A","6057591","71260","YAM","ONTARIO","46,49","-84,51","192,0"
"SAULT STE MARIE","C","SAULT STE MARIE A","6057592","71260","YAM","ONTARIO","46,48","-84,51","192,0"
"SIOUX LOOKOUT","C","SIOUX LOOKOUT A","6037775","","","ONTARIO","50,12","-91,90","383,1"
"SIOUX LOOKOUT","C","SIOUX LOOKOUT A","6037776","71842","YXL","ONTARIO","50,11","-91,91","383,1"
"SIOUX LOOKOUT","C","SIOUX LOOKOUT AIRPORT","6037800","73017","OSL","ONTARIO","50,11","-91,91","338,1"
"STRATHROY-MULLIFARRY","A","STRATHROY","6148120","","","ONTARIO","42,95","-81,65","228,6"
"STRATHROY-MULLIFARRY","A","STRATHROY-MULLIFARRY","6148122","","","ONTARIO","42,98","-81,64","243,0"
"SUDBURY","C","SUDBURY A","6068150","71730","YSB","ONTARIO","46,63","-80,80","348,4"
"SUDBURY","C","SUDBURY A","6068153","71730","YSB","ONTARIO","46,63","-80,80","348,4"
"THUNDER BAY","G","THUNDER BAY","6048260","71072","YQT","ONTARIO","48,37","-89,32","199,3"
"THUNDER BAY","G","THUNDER BAY A","6048261","","YQT","ONTARIO","48,37","-89,33","199,0"
"THUNDER BAY","G","THUNDER BAY A","6048262","","YQT","ONTARIO","48,37","-89,32","199,3"
"THUNDER BAY","G","THUNDER BAY AWOS","6048264","71749","ZQT","ONTARIO","48,37","-89,32","199,3"
"TIMMINS/VICTOR POWER","C","TIMMINS A","6078286","71739","YTS","ONTARIO","48,57","-81,38","294,7"
"TIMMINS/VICTOR POWER","C","TIMMINS CLIMATE","6078282","71193","TMS","ONTARIO","48,56","-81,39","294,4"
"TIMMINS/VICTOR POWER","C","TIMMINS VICTOR POWER A","6078285","71739","YTS","ONTARIO","48,57","-81,38","294,7"
"TORONTO (CITÉ)","C","TORONTO","6158350","71266","","ONTARIO","43,67","-79,40","112,5"
"TORONTO (CITÉ)","C","TORONTO CITY","6158355","71508","XTO","ONTARIO","43,67","-79,40","112,5"
"TORONTO (ÎLE)","E","TORONTO CITY CENTRE","6158359","71265","YTZ","ONTARIO","43,63","-79,40","76,8"
"TORONTO (ÎLE)","E","TORONTO CITY CENTRE","6158667","71265","YTZ","ONTARIO","43,63","-79,40","76,8"
"TORONTO (ÎLE)","E","TORONTO ISLAND A","6158665","71265","","ONTARIO","43,63","-79,40","76,5"
"TORONTO BUTTONVILLE (AÉROPORT)","C","TORONTO BUTTONVILLE A","6158409","","YKZ","ONTARIO","43,86","-79,37","198,1"
"TORONTO BUTTONVILLE (AÉROPORT)","C","TORONTO BUTTONVILLE A","6158410","71639","YKZ","ONTARIO","43,86","-79,37","198,1"
"TORONTO BUTTONVILLE (AÉROPORT)","C","TORONTO BUTTONVILLE A","615HMAK","71639","YKZ","ONTARIO","43,86","-79,37","198,1"
"TORONTO PEARSON (AÉROPORT)","B","TORONTO INTL A","6158731","71624","YYZ","ONTARIO","43,68","-79,63","173,4"
"TORONTO PEARSON (AÉROPORT)","B","TORONTO LESTER B. PEARSON INT'L A","6158733","71624","YYZ","ONTARIO","43,68","-79,63","173,4"
"TRENTON","A","TRENTON A","6158875","71621","YTR","ONTARIO","44,12","-77,53","86,3"
"UDORA","A","UDORA","6119055","","","ONTARIO","44,26","-79,16","262,0"
"VINELAND","D","VINELAND RITTENHOUSE","6139143","","","ONTARIO","43,17","-79,42","94,5"
"VINELAND","D","VINELAND STATION RCS","6139148","71171","XVN","ONTARIO","43,18","-79,40","79,2"
"WAWA","C","WAWA (AUT)","6059408","","WXZ","ONTARIO","47,97","-84,78","287,1"
"WAWA","C","WAWA A","6059407","71738","YXZ","ONTARIO","47,97","-84,79","287,7"
"WAWA","C","WAWA A","6059413","","YXZ","ONTARIO","47,97","-84,79","287,7"
"WAWA","C","WAWA A","6059D09","","","ONTARIO","47,97","-84,78","287,1"
"WELLAND-PELHAM","C","WELLAND","6139445","","","ONTARIO","42,99","-79,26","175,3"
"WELLAND-PELHAM","C","WELLAND-PELHAM","6139449","71752","TWL","ONTARIO","42,97","-79,33","178,0"
"WIARTON","B","WIARTON A","6119499","71633","YVV","ONTARIO","44,74","-81,11","221,9"
"WIARTON","B","WIARTON A","6119500","71633","YVV","ONTARIO","44,75","-81,11","222,2"
"WINDSOR","C","WINDSOR A","6139525","71538","YQG","ONTARIO","42,28","-82,96","189,6"
"WINDSOR","C","WINDSOR A","6139527","","YQG","ONTARIO","42,28","-82,96","189,6"
"WINDSOR","C","WINDSOR A","6139530","71538","YQG","ONTARIO","42,28","-82,96","189,6"
"WINDSOR RIVERSIDE","C","WINDSOR RIVERSIDE","6139520","","","ONTARIO","42,33","-82,93","188,4"
"ANGERS","E","ANGERS","7030170","","","QUÉBEC","45,55","-75,55","91,0"
"ARTHABASKA","D","ARTHABASKA","7020305","","","QUÉBEC","46,02","-71,95","140,0"
"BAGOTVILLE","A","BAGOTVILLE A","7060400","71727","YBG","QUÉBEC","48,33","-71,00","159,1"
"BAIE-COMEAU","D","BAIE-COMEAU A","7040440","","","QUÉBEC","49,13","-68,20","21,6"
"BAIE-COMEAU","D","BAIE-COMEAU A","7040442","71890","GBC","QUÉBEC","49,13","-68,20","21,6"
"BARRAGE TEMISCAMINGUE","E","BARRAGE TEMISCAMINGUE","7080468","71732","WBA","QUÉBEC","46,71","-79,10","181,4"
"BEAUSEJOUR","C","BEAUSEJOUR","7020567","","","QUÉBEC","46,67","-71,17","106,7"
"BONNARD","F","BONNARD","7060825","","","QUÉBEC","50,73","-71,05","506,0"
"BONNARD","F","BONNARD 1","7060826","71383","WKD","QUÉBEC","50,73","-71,01","498,0"
"CAP-CHAT","E","CAP CHAT (AUT)","70510M0","","","QUÉBEC","49,08","-66,73","35,3"
"CAP-CHAT","E","CAP-CHAT","705S002","71428","WSG","QUÉBEC","49,11","-66,65","5,0"
"CAP-MADELEINE","E","CAP MADELEINE","7051160","","","QUÉBEC","49,23","-65,32","2,0"
"CAP-MADELEINE","E","CAP-MADELEINE","7051163","71425","WSF","QUÉBEC","49,25","-65,32","29,0"
"CAP-TOURMENTE","E","CAP-TOURMENTE","7041JG6","71384","WTN","QUÉBEC","47,08","-70,78","6,0"
"CAUSAPSCAL","E","CAUSAPSCAL","7051200","","","QUÉBEC","48,37","-67,23","168,0"
"CHAPAIS","A","CHAPAIS","7091299","71824","WUK","QUÉBEC","49,82","-74,98","381,1"
"CHAPAIS","A","CHAPAIS 2","7091305","","","QUÉBEC","49,78","-74,85","396,2"
"CHARTERIS","E","CHARTERIS","7031315","","","QUÉBEC","45,68","-76,43","168,0"
"COATICOOK","D","COATICOOK","7021840","","","QUÉBEC","45,15","-71,80","259,1"
"DRUMMONDVILLE","D","DRUMMONDVILLE","7022160","","","QUÉBEC","45,88","-72,48","82,3"
"FLEURY","D","FLEURY","7022375","","","QUÉBEC","45,80","-73,00","30,5"
"FORET MONTMORENCY","D","FORET MONTMORENCY","7042388","","","QUÉBEC","47,32","-71,15","640,0"
"FORET MONTMORENCY","D","FORET MONTMORENCY RCS","7042395","71212","MFM","QUÉBEC","47,32","-71,15","672,8"
"FORTIERVILLE","C","FORTIERVILLE","7022494","","","QUÉBEC","46,48","-72,05","53,3"
"FRELIGHSBURG","F","FRELIGHSBURG","7022579","71373","WFQ","QUÉBEC","45,03","-72,85","224,0"
"GASPE","C","GASPE A","7052601","71188","YGP","QUÉBEC","48,78","-64,48","34,1"
"GASPE","C","GASPE A","7052602","","YGP","QUÉBEC","48,78","-64,48","34,1"
"GASPE","C","GASPE A","7052605","71188","YGP","QUÉBEC","48,78","-64,48","34,1"
"GRANBY","C","GRANBY","7022800","","","QUÉBEC","45,38","-72,72","175,0"
"GRANDES-BERGERONNES","D","GRANDES BERGERONNES","7042840","","","QUÉBEC","48,25","-69,52","61,0"
"GRANDES-BERGERONNES","D","GRANDES-BERGERONNES","7042845","71942","MGZ","QUÉBEC","48,26","-69,52","61,0"
"ILES DE LA MADELEINE","C","ILES DE LA MADELEINE","7053KGR","71710","WGR","QUÉBEC","47,43","-61,77","7,6"
"ILES DE LA MADELEINE","C","ILES DE LA MADELEINE A","7053250","71709","YGR","QUÉBEC","47,43","-61,78","10,7"
"ILES DE LA MADELEINE","C","ILES DE LA MADELEINE A","7053254","","YGR","QUÉBEC","47,43","-61,78","10,7"
"ILES DE LA MADELEINE","C","ILES DE LA MADELEINE A","705C2G9","71709","YGR","QUÉBEC","47,42","-61,78","10,7"
"INUKJUAK","F","INUKJUAK","710S005","71907","MJK","QUÉBEC","58,47","-78,08","26,2"
"INUKJUAK","F","INUKJUAK A","7103280","71306","YPH","QUÉBEC","58,47","-78,08","25,3"
"INUKJUAK","F","INUKJUAK A","7103283","","YPH","QUÉBEC","58,47","-78,08","26,2"
"INUKJUAK","F","INUKJUAK UA","7103282","71907","WPH","QUÉBEC","58,47","-78,08","24,4"
"KUUJJUAQ","B","KUUJJUAQ A","7113534","71906","YVP","QUÉBEC","58,10","-68,42","39,9"
"KUUJJUAQ","B","KUUJJUAQ A","7113535","71906","YVP","QUÉBEC","58,09","-68,42","39,9"
"KUUJJUARAPIK","C","KUUJJUARAPIK","7103539","71615","MFJ","QUÉBEC","55,37","-77,57","30,0"
"KUUJJUARAPIK","C","KUUJJUARAPIK A","7103536","","YGW","QUÉBEC","55,28","-77,75","12,2"
"KUUJJUARAPIK","C","KUUJJUARAPIK A","7103537","73127","YGW","QUÉBEC","55,28","-77,77","12,2"
"L'ACADIE","E","L'ACADIE","702LED4","71372","WIZ","QUÉBEC","45,29","-73,35","43,8"
"L'ASSOMPTION","F","L'ASSOMPTION","7014160","71524","WEW","QUÉBEC","45,81","-73,43","21,0"
"LA GRANDE IV","E","LA GRANDE 4 A","7093714","71003","YAH","QUÉBEC","53,75","-73,68","306,3"
"LA GRANDE IV","E","LA GRANDE IV","7093GJ5","71823","GAH","QUÉBEC","53,76","-73,68","302,8"
"LA GRANDE IV","E","LA GRANDE IV A","7093GJ3","","YAH","QUÉBEC","53,76","-73,68","306,3"
"LA GRANDE RIVIERE","C","LA GRANDE RIVIERE A","7093715","71827","YGL","QUÉBEC","53,63","-77,70","195,1"
"LA GRANDE RIVIERE","C","LA GRANDE RIVIERE A","7093716","71827","YGL","QUÉBEC","53,63","-77,70","194,8"
"LA POCATIERE","D","LA POCATIERE","7054096","71713","WST","QUÉBEC","47,36","-70,03","31,0"
"LA POCATIERE","D","LA POCATIERE CDA","7054095","","","QUÉBEC","47,35","-70,03","30,5"
"LA TUQUE","D","LA TUQUE","7074240","","","QUÉBEC","47,40","-72,78","152,0"
"LA TUQUE","D","LA TUQUE","707DBD4","71378","WDQ","QUÉBEC","47,41","-72,79","168,9"
"LAC EON","E","LAC EON","704C64L","71421","WEO","QUÉBEC","51,87","-63,28","588,9"
"LACHUTE","D","LACHUTE","7033650","","","QUÉBEC","45,65","-74,33","91,4"
"LAUZON","D","LAUZON","7024254","","","QUÉBEC","46,82","-71,10","69,0"
"LENNOXVILLE","D","LENNOXVILLE","7024280","71611","WQH","QUÉBEC","45,37","-71,82","181,0"
"LONGUE-POINTE-DE-MINGAN","F","LONGUE-POINTE-DE-MINGAN","7044328","71512","WBT","QUÉBEC","50,27","-64,23","11,0"
"LOURDES DE BLANC SABLON","D","LOURDES DE BLANC SABLON A","7040813","71808","YBX","QUÉBEC","51,45","-57,18","37,2"
"LOURDES DE BLANC SABLON","D","LOURDES DE BLANC SABLON A","7040815","71808","YBX","QUÉBEC","51,44","-57,19","37,2"
"LOURDES DE BLANC SABLON","D","LOURDES DE BLANC SABLON A","7040816","","YBX","QUÉBEC","51,44","-57,19","37,2"
"LUSKVILLE","A","LUSKVILLE","7034365","","","QUÉBEC","45,53","-76,05","68,9"
"MANIWAKI","D","MANIWAKI AIRPORT","7034482","71721","WMJ","QUÉBEC","46,27","-75,99","199,7"
"MANIWAKI","D","MANIWAKI UA","7034480","71722","WMW","QUÉBEC","46,30","-76,01","188,6"
"MATAGAMI","E","MATAGAMI","7094637","71821","GMG","QUÉBEC","49,76","-77,79","281,0"
"MATAGAMI","E","MATAGAMI A","7094636","71947","YNM","QUÉBEC","49,76","-77,80","279,8"
"MONT-JOLI","C","MONT JOLI A","7055121","71718","YYY","QUÉBEC","48,61","-68,21","52,4"
"MONT-JOLI","C","MONT-JOLI A","7055120","71718","YYY","QUÉBEC","48,60","-68,22","52,4"
"MONTREAL TRUDEAU (AÉROPORT)","C","MONTREAL INTL A","7025251","71627","YUL","QUÉBEC","45,47","-73,74","36,0"
"MONTREAL TRUDEAU (AÉROPORT)","C","MONTREAL/PIERRE ELLIOTT TRUDEAU INTL","702S006","71183","WTQ","QUÉBEC","45,47","-73,74","32,1"
"MONTREAL TRUDEAU (AÉROPORT)","C","MONTREAL/PIERRE ELLIOTT TRUDEAU INTL A","7025250","71627","YUL","QUÉBEC","45,47","-73,75","36,0"
"NATASHQUAN","D","NATASHQUAN A","7045398","71513","YNA","QUÉBEC","50,19","-61,79","11,9"
"NATASHQUAN","D","NATASHQUAN A","7045400","","YNA","QUÉBEC","50,18","-61,82","10,7"
"NATASHQUAN","D","NATASHQUAN AIRPORT","7045401","71813","MNT","QUÉBEC","50,19","-61,81","11,7"
"NEW CARLISLE","D","NEW CARLISLE","7055420","","","QUÉBEC","48,03","-65,27","45,0"
"NEW CARLISLE","D","NEW CARLISLE 1","7055422","71619","WOC","QUÉBEC","48,01","-65,33","46,4"
"NICOLET","D","NICOLET","7025440","","","QUÉBEC","46,20","-72,62","30,4"
"NICOLET","D","NICOLET","7025442","71723","WNQ","QUÉBEC","46,23","-72,66","8,0"
"NORMANDIN","E","NORMANDIN","7065639","71379","WOD","QUÉBEC","48,84","-72,55","137,2"
"NORMANDIN","E","NORMANDIN CDA","7065640","","","QUÉBEC","48,85","-72,53","137,2"
"PARENT","D","PARENT","7075800","71726","WPK","QUÉBEC","47,92","-74,62","444,7"
"PARENT","D","PARENT S","7075799","","","QUÉBEC","47,92","-74,62","410,0"
"QUEBEC JEAN LESAGE (AÉROPORT)","C","QUEBEC/JEAN LESAGE INTL","701S001","71714","WQB","QUÉBEC","46,80","-71,38","60,0"
"QUEBEC JEAN LESAGE (AÉROPORT)","C","QUEBEC/JEAN LESAGE INTL A","7016294","71708","YQB","QUÉBEC","46,80","-71,38","74,4"
"RICHMOND","E","RICHMOND","7026465","","","QUÉBEC","45,63","-72,13","123,1"
"RIMOUSKI","D","RIMOUSKI","7056480","","","QUÉBEC","48,45","-68,52","35,7"
"RIVIERE-DU-LOUP/ST-ANTONIN","E","RIVIERE-DU-LOUP","7056616","71715","WNH","QUÉBEC","47,81","-69,55","146,5"
"RIVIERE-DU-LOUP/ST-ANTONIN","E","RIVIERE-DU-LOUP / ST-ANTONIN","7056870","","","QUÉBEC","47,80","-69,45","152,0"
"ROBERVAL","C","ROBERVAL A","7066685","71728","YRJ","QUÉBEC","48,52","-72,27","178,6"
"ROBERVAL","C","ROBERVAL A","7066686","71728","YRJ","QUÉBEC","48,52","-72,27","178,6"
"ROBERVAL","C","ROBERVAL A","7066687","","YRJ","QUÉBEC","48,52","-72,27","178,6"
"ROUYN","E","ROUYN","7086716","71734","WUY","QUÉBEC","48,25","-79,03","318,0"
"SAINT MICHEL","E","SAINT MICHEL","7057567","","","QUÉBEC","46,87","-70,88","69,0"
"SCHEFFERVILLE","F","SCHEFFERVILLE","7117827","71828","GKL","QUÉBEC","54,80","-66,80","517,2"
"SCHEFFERVILLE","F","SCHEFFERVILLE A","7117823","71921","YKL","QUÉBEC","54,81","-66,81","520,9"
"SCHEFFERVILLE","F","SCHEFFERVILLE A","7117825","","YKL","QUÉBEC","54,80","-66,82","521,8"
"SCHEFFERVILLE","F","SCHEFFERVILLE COTE-NORD","7117824","73075","GKM","QUÉBEC","54,80","-66,80","517,2"
"SCOTT","C","SCOTT","7027840","","","QUÉBEC","46,50","-71,08","144,8"
"SEPT-ILES","D","SEPT-ILES","7047914","71279","XZV","QUÉBEC","50,22","-66,25","52,6"
"SEPT-ILES","D","SEPT-ILES A","7047910","","YZV","QUÉBEC","50,22","-66,27","54,9"
"SEPT-ILES","D","SEPT-ILES A","7047911","","YZV","QUÉBEC","50,22","-66,27","54,9"
"SEPT-ILES","D","SEPT-ILES UA","7047912","71811","","QUÉBEC","50,22","-66,25","53,1"
"SHERBROOKE","E","SHERBROOKE","7028123","71610","YSC","QUÉBEC","45,44","-71,69","241,4"
"SHERBROOKE","E","SHERBROOKE A","7028124","71610","YSC","QUÉBEC","45,43","-71,68","241,4"
"SHERBROOKE","E","SHERBROOKE A","7028126","","GSC","QUÉBEC","45,43","-71,68","241,4"
"ST CAMILLE","D","ST CAMILLE","7056930","","","QUÉBEC","46,48","-70,22","396,0"
"ST GEORGES","C","ST GEORGES","7027283","","","QUÉBEC","46,15","-70,70","167,6"
"ST LUDGER","D","ST LUDGER","7027516","","","QUÉBEC","45,75","-70,68","335,0"
"ST-ANICET","C","ST ANICET","7026836","","","QUÉBEC","45,13","-74,35","53,3"
"ST-ANICET","C","ST-ANICET 1","702FQLF","71712","WBZ","QUÉBEC","45,12","-74,29","49,1"
"ST-JOVITE","E","ST-JOVITE","703GDKB","71376","WJT","QUÉBEC","46,08","-74,56","238,5"
"STE LUCIE","E","STE LUCIE","7057515","","","QUÉBEC","46,73","-70,02","373,0"
"STE-FOY (U. LAVAL)","E","STE FOY (PIE XII)","7017BFN","","","QUÉBEC","46,78","-71,32","79,2"
"STE-FOY (U. LAVAL)","E","STE-FOY (U. LAVAL)","701Q004","71392","WJB","QUÉBEC","46,78","-71,29","91,4"
"SUTTON","C","SUTTON","7028292","","","QUÉBEC","45,07","-72,68","243,8"
"THETFORD MINES","C","THETFORD MINES","7028441","","","QUÉBEC","46,10","-71,35","381,0"
"THETFORD MINES","C","THETFORD MINES RCS","7028442","71494","MTH","QUÉBEC","46,05","-71,27","430,0"
"TROIS-RIVIERES","D","TROIS RIVIERES AQUEDUC","701HE63","","","QUÉBEC","46,38","-72,62","54,9"
"TROIS-RIVIERES","D","TROIS-RIVIERES","7018562","71724","WTY","QUÉBEC","46,35","-72,52","6,0"
"VAL-D'OR","D","VAL-D'OR","7098603","71725","GVO","QUÉBEC","48,06","-77,79","338,9"
"VAL-D'OR","D","VAL-D'OR A","7098600","71725","YVO","QUÉBEC","48,06","-77,79","337,4"
"ASSINIBOIA","C","ASSINIBOIA","4020280","","","SASKATCHEWAN","49,73","-105,97","723,9"
"ASSINIBOIA","C","ASSINIBOIA AIRPORT","4020286","71487","WJI","SASKATCHEWAN","49,73","-105,95","725,5"
"BUFFALO NARROWS","A","BUFFALO NARROWS (AUT)","4060983","71077","WVT","SASKATCHEWAN","55,84","-108,42","440,1"
"BUFFALO NARROWS","A","BUFFALO NARROWS A","4060982","71077","YVT","SASKATCHEWAN","55,83","-108,43","433,7"
"BUFFALO NARROWS","A","BUFFALO NARROWS A","4060988","","YVT","SASKATCHEWAN","55,84","-108,42","433,7"
"CORONACH SPC","C","CORONACH","4031844","","","SASKATCHEWAN","49,12","-105,52","772,9"
"CORONACH SPC","C","CORONACH SPC","40318MN","71516","WAQ","SASKATCHEWAN","49,05","-105,48","756,0"
"ESTEVAN","A","ESTEVAN","4012410","71559","PJM","SASKATCHEWAN","49,22","-102,97","580,6"
"ESTEVAN","A","ESTEVAN A","4012400","","","SASKATCHEWAN","49,22","-102,97","580,3"
"ESTEVAN","A","ESTEVAN A","4012401","","YEN","SASKATCHEWAN","49,21","-102,97","580,3"
"ESTEVAN","A","ESTEVAN A","4012403","71862","YEN","SASKATCHEWAN","49,21","-102,97","580,3"
"HUDSON BAY","D","HUDSON BAY","4083322","","","SASKATCHEWAN","52,82","-102,32","358,1"
"HUDSON BAY","D","HUDSON BAY 13W","4083323","","","SASKATCHEWAN","52,88","-102,58","422,0"
"HUDSON BAY","D","HUDSON BAY A","4083321","","","SASKATCHEWAN","52,82","-102,32","358,1"
"HUDSON BAY","D","HUDSON BAY(AUT)","4083324","71868","ZHB","SASKATCHEWAN","52,82","-102,32","358,1"
"ISLAND FALLS","C","ISLAND FALLS","4063560","","","SASKATCHEWAN","55,53","-102,35","299,3"
"ISLAND FALLS","C","ISLAND FALLS (AUT)","4063605","71331","PIF","SASKATCHEWAN","55,53","-102,35","297,4"
"KELLIHER","A","KELLIHER","4013660","","","SASKATCHEWAN","51,26","-103,75","675,6"
"KEY LAKE","C","KEY LAKE","4063753","71033","PLS","SASKATCHEWAN","57,25","-105,60","513,9"
"KEY LAKE","C","KEY LAKE","4063755","","","SASKATCHEWAN","57,25","-105,62","509,0"
"KEY LAKE","C","KEY LAKE","4063757","71499","YKJ","SASKATCHEWAN","57,26","-105,62","513,9"
"KEY LAKE","C","KEY LAKE A","4063759","","","SASKATCHEWAN","57,25","-105,60","513,9"
"KINDERSLEY","C","KINDERSLEY A","4043899","","YKY","SASKATCHEWAN","51,52","-109,18","693,7"
"KINDERSLEY","C","KINDERSLEY A","4043900","71129","YKY","SASKATCHEWAN","51,52","-109,18","693,7"
"KINDERSLEY","C","KINDERSLEY A","4043901","71129","YKY","SASKATCHEWAN","51,52","-109,18","693,7"
"KIPLING","A","KIPLING","4014040","","","SASKATCHEWAN","50,20","-102,73","671,2"
"LA RONGE","C","LA RONGE A","4064150","71922","YVC","SASKATCHEWAN","55,15","-105,27","379,2"
"LA RONGE","C","LA RONGE A","4064155","71922","YVC","SASKATCHEWAN","55,15","-105,27","379,2"
"LA RONGE","C","LA RONGE RCS","4064149","71586","XOX","SASKATCHEWAN","55,15","-105,27","378,6"
"LEADER","C","LEADER 2","4024161","","","SASKATCHEWAN","50,88","-109,53","673,6"
"LEADER","C","LEADER AIRPORT","402DAF0","71459","WJX","SASKATCHEWAN","50,91","-109,50","675,5"
"MAPLE CREEK","E","MAPLE CREEK","4024919","71453","WMQ","SASKATCHEWAN","49,90","-109,47","766,7"
"MEADOW LAKE","C","MEADOW LAKE","406N0NM","71970","WLJ","SASKATCHEWAN","54,13","-108,52","481,0"
"MEADOW LAKE","C","MEADOW LAKE A","4065057","71125","YLJ","SASKATCHEWAN","54,13","-108,05","480,7"
"MEADOW LAKE","C","MEADOW LAKE A","4065058","71125","YLJ","SASKATCHEWAN","54,13","-108,52","480,7"
"MELFORT","C","MELFORT","4055079","71456","WFF","SASKATCHEWAN","52,82","-104,60","490,0"
"MELFORT","C","MELFORT CDA","4055085","","","SASKATCHEWAN","52,82","-104,60","480,1"
"MOOSE JAW","C","MOOSE JAW A","4015320","71864","YMJ","SASKATCHEWAN","50,33","-105,57","576,7"
"MOOSE JAW","C","MOOSE JAW CS","4015322","71539","ZMJ","SASKATCHEWAN","50,33","-105,54","577,0"
"NIPAWIN","C","NIPAWIN","4075525","71130","YBU","SASKATCHEWAN","53,33","-104,01","371,9"
"NIPAWIN","C","NIPAWIN","407N51G","71312","WBU","SASKATCHEWAN","53,33","-104,00","371,9"
"NIPAWIN","C","NIPAWIN A","4075518","","","SASKATCHEWAN","53,33","-104,00","371,9"
"NORTH BATTLEFORD","C","NORTH BATTLEFORD","4045605","","","SASKATCHEWAN","52,77","-108,25","548,0"
"NORTH BATTLEFORD","C","NORTH BATTLEFORD","4045695","71876","YQW","SASKATCHEWAN","52,77","-108,24","548,3"
"NORTH BATTLEFORD","C","NORTH BATTLEFORD A","4045600","71876","YQW","SASKATCHEWAN","52,77","-108,26","548,3"
"NORTH BATTLEFORD","C","NORTH BATTLEFORD RCS","4045607","71754","PQW","SASKATCHEWAN","52,77","-108,26","548,0"
"PRINCE ALBERT","C","PRINCE ALBERT A","4056240","71869","YPA","SASKATCHEWAN","53,22","-105,67","428,2"
"PRINCE ALBERT","C","PRINCE ALBERT A","4056241","71869","YPA","SASKATCHEWAN","53,21","-105,67","428,2"
"PRINCE ALBERT","C","PRINCE ALBERT GLASS FIELD","4056243","73002","PPR","SASKATCHEWAN","53,21","-105,68","425,5"
"REGINA (AÉROPORT)","C","REGINA INT'L A","4016560","71863","YQR","SASKATCHEWAN","50,43","-104,67","577,6"
"REGINA (AÉROPORT)","C","REGINA INTL A","4016566","","YQR","SASKATCHEWAN","50,43","-104,67","577,6"
"REGINA (AÉROPORT)","C","REGINA RCS","4016699","71514","WDJ","SASKATCHEWAN","50,43","-104,67","577,3"
"ROCK POINT","A","ROCK POINT","4026847","","","SASKATCHEWAN","51,15","-107,26","725,1"
"ROSETOWN","C","ROSETOWN","4046879","","","SASKATCHEWAN","51,62","-108,02","586,1"
"ROSETOWN","C","ROSETOWN EAST","4046884","71510","WRJ","SASKATCHEWAN","51,57","-107,92","586,0"
"SASKATOON DIEFENBAKER (AÉROPORT)","C","SASKATOON DIEFENBAKER INT'L A","4057120","71866","YXE","SASKATCHEWAN","52,17","-106,72","504,1"
"SASKATOON DIEFENBAKER (AÉROPORT)","C","SASKATOON INTL A","4057152","","YXE","SASKATCHEWAN","52,17","-106,70","504,1"
"SASKATOON DIEFENBAKER (AÉROPORT)","C","SASKATOON RCS","4057165","71496","POX","SASKATCHEWAN","52,17","-106,72","504,1"
"STONY RAPIDS","D","STONY RAPIDS","4067799","71132","YSF","SASKATCHEWAN","59,25","-105,84","244,2"
"STONY RAPIDS","D","STONY RAPIDS A","4067PR5","71132","YSF","SASKATCHEWAN","59,25","-105,83","245,4"
"SWIFT CURRENT","D","SWIFT CURRENT","4028038","71142","YYN","SASKATCHEWAN","50,29","-107,69","816,9"
"SWIFT CURRENT","D","SWIFT CURRENT A","4028040","71870","YYN","SASKATCHEWAN","50,30","-107,68","816,9"
"SWIFT CURRENT","D","SWIFT CURRENT CDA","4028060","71446","WVC","SASKATCHEWAN","50,27","-107,73","825,0"
"WATROUS","C","WATROUS","4018640","","","SASKATCHEWAN","51,67","-105,47","541,0"
"WATROUS","C","WATROUS EAST","4018642","71511","WIW","SASKATCHEWAN","51,67","-105,40","525,6"
"YORKTON","C","YORKTON","4019073","71886","PRJ","SASKATCHEWAN","51,26","-102,46","498,4"
"YORKTON","C","YORKTON","4019075","71292","YQV","SASKATCHEWAN","51,26","-102,46","498,3"
"YORKTON","C","YORKTON","4019085","71138","YQV","SASKATCHEWAN","51,26","-102,46","498,3"
"YORKTON","C","YORKTON A","4019080","71138","YQV","SASKATCHEWAN","51,27","-102,47","498,3"
"BADGER","E","BADGER (AUT)","8400301","71400","WDI","TERRE-NEUVE","48,97","-56,07","102,7"
"BAY D'ESPOIR GEN STN","E","BAY D'ESPOIR GEN STN","8400413","","","TERRE-NEUVE","47,98","-55,80","22,9"
"BONAVISTA","E","BONAVISTA","8400600","","WVA","TERRE-NEUVE","48,67","-53,11","25,6"
"BONAVISTA","E","BONAVISTA","8400601","71178","AVA","TERRE-NEUVE","48,67","-53,11","25,6"
"BURGEO","E","BURGEO","8400798","","","TERRE-NEUVE","47,62","-57,62","10,6"
"BURGEO","E","BURGEO 2","8400800","","WBF","TERRE-NEUVE","47,62","-57,62","10,6"
"BURGEO","E","BURGEO NL","8400801","71152","ABF","TERRE-NEUVE","47,62","-57,62","10,6"
"CAPE RACE","F","CAPE RACE (AUT)","8401000","71800","WRA","TERRE-NEUVE","46,66","-53,08","26,5"
"CARTWRIGHT","C","CARTWRIGHT","8501100","71818","WCA","TERRE-NEUVE","53,71","-57,04","14,3"
"CARTWRIGHT","C","CARTWRIGHT A","8501101","","WCA","TERRE-NEUVE","53,68","-57,04","14,3"
"CARTWRIGHT","C","CARTWRIGHT A","8501106","71818","YCA","TERRE-NEUVE","53,68","-57,04","14,3"
"CHURCHILL FALLS","F","CHURCHILL FALLS","8501130","","AFL","TERRE-NEUVE","53,56","-64,09","439,5"
"CHURCHILL FALLS","F","CHURCHILL FALLS A","8501131","71002","ZUM","TERRE-NEUVE","53,56","-64,11","439,5"
"CHURCHILL FALLS","F","CHURCHILL FALLS A","8501132","","","TERRE-NEUVE","53,55","-64,10","439,5"
"CORNER BROOK","A","CORNER BROOK","8401298","71973","WKB","TERRE-NEUVE","48,93","-57,92","151,8"
"CORNER BROOK","A","CORNER BROOK","8401300","","","TERRE-NEUVE","48,95","-57,95","4,6"
"DANIEL'S HARBOUR","E","DANIEL'S HARBOUR","8401405","73024","ADL","TERRE-NEUVE","50,24","-57,58","19,0"
"DANIEL'S HARBOUR","E","DANIELS HARBOUR","8401400","71185","WDH","TERRE-NEUVE","50,24","-57,58","19,0"
"DEER LAKE","C","DEER LAKE A","8401501","71809","YDF","TERRE-NEUVE","49,22","-57,40","21,9"
"DEER LAKE","C","DEER LAKE A","8401502","71809","YDF","TERRE-NEUVE","49,21","-57,39","21,9"
"DUNVILLE/ARGENTIA","D","ARGENTIA (AUT)","8400104","71807","WAR","TERRE-NEUVE","47,31","-54,00","9,5"
"DUNVILLE/ARGENTIA","D","DUNVILLE","8401528","","","TERRE-NEUVE","47,27","-53,92","15,0"
"ENGLEE","G","ENGLEE (AUT)","8401538","71417","WDA","TERRE-NEUVE","50,72","-56,11","30,3"
"FEROLLE POINT","G","FEROLLE POINT (AUT)","8401565","71406","WXI","TERRE-NEUVE","51,02","-57,10","9,1"
"GANDER","B","GANDER AIRPORT CS","8401705","71742","XGD","TERRE-NEUVE","48,95","-54,57","151,0"
"GANDER","B","GANDER INT'L A","8401700","71803","YQX","TERRE-NEUVE","48,95","-54,58","151,2"
"GANDER","B","GANDER INTL A","8401703","71803","YQX","TERRE-NEUVE","48,94","-54,57","151,2"
"GOOSE","A","GOOSE BAY A","8501900","71816","YYR","TERRE-NEUVE","53,32","-60,42","48,8"
"HARBOUR BRETON","D","HARBOUR BRETON","8402071","","","TERRE-NEUVE","47,47","-55,83","30,0"
"HOPEDALE","G","HOPEDALE (AUT)","8502400","71900","WHO","TERRE-NEUVE","55,45","-60,22","11,9"
"LA SCIE","F","LA SCIE","8402520","71337","WAG","TERRE-NEUVE","49,92","-55,67","194,0"
"LETHBRIDGE","C","LETHBRIDGE","8402544","","","TERRE-NEUVE","48,35","-53,90","15,2"
"MARY'S HARBOUR","F","MARY'S HARBOUR","850B5R1","71339","YMH","TERRE-NEUVE","52,30","-55,83","11,6"
"MARY'S HARBOUR","F","MARY'S HARBOUR A","8502591","71817","YMH","TERRE-NEUVE","52,30","-55,83","10,6"
"MARY'S HARBOUR","F","MARY'S HARBOUR A","8502592","71339","YMH","TERRE-NEUVE","52,30","-55,85","10,6"
"MIDDLE ARM","D","MIDDLE ARM","8402644","","","TERRE-NEUVE","49,68","-56,08","47,8"
"NAIN","C","NAIN","8502799","71665","WFP","TERRE-NEUVE","56,55","-61,68","7,6"
"NAIN","C","NAIN A","8502800","71902","YDP","TERRE-NEUVE","56,55","-61,68","6,4"
"NAIN","C","NAIN A","8502801","71902","YDP","TERRE-NEUVE","56,55","-61,68","6,4"
"NAIN","C","NAIN A","8502810","","YDP","TERRE-NEUVE","56,55","-61,68","6,4"
"PORT AUX BASQUES","E","PORT AUX BASQUES","8402975","71197","WZB","TERRE-NEUVE","47,57","-59,15","39,7"
"PORT AUX BASQUES","E","PORT AUX BASQUES","8402980","73026","APB","TERRE-NEUVE","47,57","-59,15","39,7"
"SOPS ARM WHITE BAY","D","SOPS ARM WHITE BAY","8403690","","","TERRE-NEUVE","49,77","-56,88","16,6"
"ST. ANTHONY","E","ST ANTHONY","8403399","71558","WDW","TERRE-NEUVE","51,38","-56,10","29,3"
"ST. ANTHONY","E","ST ANTHONY A","840C401","71819","YAY","TERRE-NEUVE","51,38","-56,10","32,9"
"ST. ANTHONY","E","ST. ANTHONY A","8403389","71819","YAY","TERRE-NEUVE","51,39","-56,07","32,9"
"ST. ANTHONY","E","ST. ANTHONY LWIS","840D401","71830","AAY","TERRE-NEUVE","51,39","-56,09","33,0"
"ST. JOHN'S (AÉROPORT)","C","ST JOHN'S A","8403506","71801","YYT","TERRE-NEUVE","47,62","-52,74","140,5"
"ST. JOHN'S (AÉROPORT)","C","ST. JOHN'S INTL A","8403505","71801","YYT","TERRE-NEUVE","47,62","-52,75","140,5"
"ST. JOHN'S (OUEST)","D","ST JOHN'S WEST CDA","8403600","","","TERRE-NEUVE","47,52","-52,78","114,3"
"ST. JOHN'S (OUEST)","D","ST JOHN'S WEST CDA CS","8403605","","XSW","TERRE-NEUVE","47,52","-52,78","114,0"
"ST. JOHN'S (OUEST)","D","ST JOHNS WEST CLIMATE","8403603","71250","AJW","TERRE-NEUVE","47,51","-52,78","110,0"
"ST. LAWRENCE","D","ST LAWRENCE","8403615","","","TERRE-NEUVE","46,92","-55,38","48,5"
"ST. LAWRENCE","D","ST LAWRENCE","8403616","","WDS","TERRE-NEUVE","46,92","-55,38","48,5"
"ST. LAWRENCE","D","ST LAWRENCE","8403619","71110","ADS","TERRE-NEUVE","46,92","-55,38","48,5"
"STEPHENVILLE","C","STEPHENVILLE A","8403800","71815","YJT","TERRE-NEUVE","48,53","-58,55","24,7"
"STEPHENVILLE","C","STEPHENVILLE A","8403801","71815","YJT","TERRE-NEUVE","48,54","-58,55","24,7"
"TWILLINGATE","F","TWILLINGATE (AUT)","8404025","71402","WDO","TERRE-NEUVE","49,68","-54,80","92,3"
"WABUSH","C","WABUSH A","8504176","","YWK","TERRE-NEUVE","52,92","-66,86","551,4"
"WABUSH","C","WABUSH A","8504177","71825","YWK","TERRE-NEUVE","52,92","-66,86","551,4"
"WABUSH","C","WABUSH LAKE A","8504175","71825","YWK","TERRE-NEUVE","52,93","-66,87","551,4"
"WHITBOURNE","D","WHITBOURNE","8404234","","","TERRE-NEUVE","47,42","-53,54","58,0"
"AKLAVIK","E","AKLAVIK A","2200100","","YKD","TERRITOIRES DU NORD-OUEST","68,22","-135,01","6,4"
"AKLAVIK","E","AKLAVIK A","2200105","","YKD","TERRITOIRES DU NORD-OUEST","68,22","-135,01","6,4"
"CAPE PARRY","C","CAPE PARRY A","2200675","71948","ZCP","TERRITOIRES DU NORD-OUEST","70,17","-124,72","86,6"
"COLVILLE LAKE","D","COLVILLE LAKE","2200824","71055","WFX","TERRITOIRES DU NORD-OUEST","67,02","-126,12","271,0"
"COLVILLE LAKE","D","COLVILLE LAKE A","2200827","","YVL","TERRITOIRES DU NORD-OUEST","67,02","-126,13","274,0"
"DELINE","D","DELINE A","2201023","","YWJ","TERRITOIRES DU NORD-OUEST","65,21","-123,44","214,3"
"DELINE","D","DELINE A","22010KA","","YWJ","TERRITOIRES DU NORD-OUEST","65,21","-123,44","214,3"
"DELINE","D","DELINE CS","2201022","71503","XDE","TERRITOIRES DU NORD-OUEST","65,21","-123,43","212,8"
"FORT GOOD HOPE","C","FORT GOOD HOPE A","2201400","","YGH","TERRITOIRES DU NORD-OUEST","66,24","-128,65","81,4"
"FORT GOOD HOPE","C","FORT GOOD HOPE A","2201406","","YGH","TERRITOIRES DU NORD-OUEST","66,24","-128,65","81,4"
"FORT GOOD HOPE","C","FORT GOOD HOPE CS","2201450","71491","ZGH","TERRITOIRES DU NORD-OUEST","66,24","-128,64","81,7"
"FORT LIARD","D","FORT LIARD","2201579","71497","WJL","TERRITOIRES DU NORD-OUEST","60,23","-123,47","213,4"
"FORT LIARD","D","FORT LIARD A","2201575","","YJF","TERRITOIRES DU NORD-OUEST","60,24","-123,47","215,8"
"FORT LIARD","D","FORT LIARD A","2201581","","YJF","TERRITOIRES DU NORD-OUEST","60,24","-123,47","215,8"
"FORT MCPHERSON","D","FORT MCPHERSON A","2201601","","ZFM","TERRITOIRES DU NORD-OUEST","67,41","-134,86","35,4"
"FORT MCPHERSON","D","FORT MCPHERSON A","2201606","","ZFM","TERRITOIRES DU NORD-OUEST","67,41","-134,86","35,4"
"FORT PROVIDENCE","C","FORT PROVIDENCE","2201799","71087","WID","TERRITOIRES DU NORD-OUEST","61,32","-117,60","161,5"
"FORT RELIANCE","F","FORT RELIANCE (AUT)","2201903","71160","WFZ","TERRITOIRES DU NORD-OUEST","62,71","-109,17","167,6"
"FORT SIMPSON","A","FORT SIMPSON A","2202101","71946","YFS","TERRITOIRES DU NORD-OUEST","61,76","-121,24","169,2"
"FORT SIMPSON","A","FORT SIMPSON A","2202103","71946","YFS","TERRITOIRES DU NORD-OUEST","61,76","-121,24","169,5"
"FORT SIMPSON","A","FORT SIMPSON CLIMATE","2202102","71365","ZFS","TERRITOIRES DU NORD-OUEST","61,76","-121,24","168,0"
"FORT SMITH","C","FORT SMITH A","2202200","71934","YSM","TERRITOIRES DU NORD-OUEST","60,02","-111,96","205,1"
"FORT SMITH","C","FORT SMITH A","2202201","71934","YSM","TERRITOIRES DU NORD-OUEST","60,02","-111,96","205,1"
"FORT SMITH","C","FORT SMITH CLIMATE","2202202","71362","ZSM","TERRITOIRES DU NORD-OUEST","60,03","-111,93","203,0"
"HAY RIVER","A","HAY RIVER A","2202400","71935","YHY","TERRITOIRES DU NORD-OUEST","60,84","-115,78","164,9"
"HAY RIVER","A","HAY RIVER A","2202401","71935","YHY","TERRITOIRES DU NORD-OUEST","60,84","-115,78","164,9"
"HAY RIVER","A","HAY RIVER CLIMATE","2202402","71361","ZHY","TERRITOIRES DU NORD-OUEST","60,84","-115,78","164,0"
"INUVIK","C","INUVIK A","2202570","","YEV","TERRITOIRES DU NORD-OUEST","68,30","-133,48","67,7"
"INUVIK","C","INUVIK A","2202571","","YEV","TERRITOIRES DU NORD-OUEST","68,30","-133,48","67,7"
"INUVIK","C","INUVIK CLIMATE","2202578","71364","ZEV","TERRITOIRES DU NORD-OUEST","68,32","-133,52","103,0"
"INUVIK","C","INUVIK UA","2202582","71957","","TERRITOIRES DU NORD-OUEST","68,32","-133,52","103,2"
"LIVERPOOL BAY","C","LIVERPOOL BAY","220B68C","71960","WLI","TERRITOIRES DU NORD-OUEST","69,60","-130,91","101,9"
"MOULD BAY","F","MOULD BAY A","2502700","","YMD","TERRITOIRES DU NORD-OUEST","76,23","-119,33","12,2"
"MOULD BAY","F","MOULD BAY CS","250M001","71989","WAY","TERRITOIRES DU NORD-OUEST","76,24","-119,35","1,5"
"NORMAN WELLS","C","NORMAN WELLS A","2202800","","","TERRITOIRES DU NORD-OUEST","65,28","-126,80","72,5"
"NORMAN WELLS","C","NORMAN WELLS A","2202801","71043","YVQ","TERRITOIRES DU NORD-OUEST","65,28","-126,80","72,5"
"NORMAN WELLS","C","NORMAN WELLS CLIMATE","2202810","71480","NVQ","TERRITOIRES DU NORD-OUEST","65,29","-126,75","93,6"
"PAULATUK","C","PAULATUK","2203058","71984","ZPK","TERRITOIRES DU NORD-OUEST","69,36","-124,08","6,3"
"PAULATUK","C","PAULATUK A","2203055","","YPC","TERRITOIRES DU NORD-OUEST","69,36","-124,08","4,6"
"PAULATUK","C","PAULATUK A","2203057","","YPC","TERRITOIRES DU NORD-OUEST","69,36","-124,08","4,6"
"PELLY ISLAND","D","PELLY ISLAND","2203095","71502","WND","TERRITOIRES DU NORD-OUEST","69,63","-135,44","17,0"
"SACHS HARBOUR","D","SACHS HARBOUR A","2503649","","YSY","TERRITOIRES DU NORD-OUEST","71,99","-125,24","86,3"
"SACHS HARBOUR","D","SACHS HARBOUR A","2503650","","YSY","TERRITOIRES DU NORD-OUEST","72,00","-125,27","86,3"
"SACHS HARBOUR","D","SACHS HARBOUR CLIMATE","2503648","71467","WSY","TERRITOIRES DU NORD-OUEST","71,99","-125,25","87,5"
"TUKTOYAKTUK","E","TUKTOYAKTUK","2203914","71985","ZUB","TERRITOIRES DU NORD-OUEST","69,43","-133,02","4,6"
"TUKTOYAKTUK","E","TUKTOYAKTUK A","2203911","","YUB","TERRITOIRES DU NORD-OUEST","69,43","-133,03","4,3"
"TUKTOYAKTUK","E","TUKTOYAKTUK A","2203912","","YUB","TERRITOIRES DU NORD-OUEST","69,43","-133,03","4,3"
"ULUKHAKTOK/HOLMAN","D","HOLMAN CS","2502505","71029","XHI","TERRITOIRES DU NORD-OUEST","70,76","-117,80","29,9"
"ULUKHAKTOK/HOLMAN","D","ULUKHAKTOK A","2502501","","YHI","TERRITOIRES DU NORD-OUEST","70,76","-117,81","36,0"
"ULUKHAKTOK/HOLMAN","D","ULUKHAKTOK A","2502503","","YHI","TERRITOIRES DU NORD-OUEST","70,76","-117,81","36,0"
"WHATI","C","WHATI","2202678","71163","WMT","TERRITOIRES DU NORD-OUEST","63,13","-117,24","271,3"
"WRIGLEY","F","WRIGLEY A","2204000","","YWY","TERRITOIRES DU NORD-OUEST","63,21","-123,44","149,7"
"WRIGLEY","F","WRIGLEY A","2204005","","YWY","TERRITOIRES DU NORD-OUEST","63,21","-123,44","149,7"
"YELLOWKNIFE (AÉROPORT)","C","YELLOWKNIFE A","2204100","71936","YZF","TERRITOIRES DU NORD-OUEST","62,46","-114,44","205,7"
"YELLOWKNIFE (AÉROPORT)","C","YELLOWKNIFE A","2204101","71936","YZF","TERRITOIRES DU NORD-OUEST","62,46","-114,44","205,7"
"BURWASH","D","BURWASH","2100179","","WDB","YUKON","61,37","-139,03","806,8"
"BURWASH","D","BURWASH A","2100181","71001","YDB","YUKON","61,37","-139,04","805,3"
"BURWASH","D","BURWASH A","2100182","","YDB","YUKON","61,37","-139,05","806,2"
"BURWASH","D","BURWASH AIRPORT AUTO","2100184","71195","VBR","YUKON","61,37","-139,02","807,0"
"CARMACKS","D","CARMACKS","2100300","","","YUKON","62,10","-136,30","524,9"
"CARMACKS","D","CARMACKS CS","2100301","71039","XCK","YUKON","62,12","-136,19","542,9"
"DAWSON","D","DAWSON","2100LRP","71966","WON","YUKON","64,06","-139,13","370,0"
"DAWSON","D","DAWSON A","2100402","","YDA","YUKON","64,04","-139,13","370,3"
"FARO","E","FARO (AUT)","2100518","71949","WUM","YUKON","62,21","-133,38","716,6"
"FARO","E","FARO A","2100517","","ZFA","YUKON","62,21","-133,37","716,3"
"HAINES JUNCTION","E","HAINES JUNCTION","2100630","71505","WHT","YUKON","60,77","-137,58","595,3"
"HAINES JUNCTION","E","HAINES JUNCTION YTG","2100631","","","YUKON","60,75","-137,51","596,0"
"HOUR LAKE","D","HOUR LAKE","2100FCG","","","YUKON","61,18","-129,13","890,0"
"IVVAVIK NAT. PARK","C","IVVAVIK NAT. PARK","2100660","71978","WOI","YUKON","69,16","-140,15","243,8"
"KOMAKUK BEACH","D","KOMAKUK BEACH","2100682","71046","WKM","YUKON","69,61","-140,20","13,2"
"KOMAKUK BEACH","D","KOMAKUK BEACH A","2100685","71969","YAJ","YUKON","69,58","-140,18","7,3"
"MACMILLAN PASS","G","MACMILLAN PASS","2100693","71990","WNV","YUKON","63,24","-130,04","1379,0"
"MAYO","C","MAYO A","2100700","71965","YMA","YUKON","63,62","-135,87","503,8"
"MAYO","C","MAYO A","2100701","71965","YMA","YUKON","63,62","-135,87","503,8"
"MAYO","C","MAYO A","2100702","","YMA","YUKON","63,62","-135,87","503,8"
"MAYO ROAD","C","MAYO ROAD","2100709","","","YUKON","60,88","-135,18","655,0"
"MCQUESTEN","D","MCQUESTEN","2100719","","","YUKON","63,59","-137,52","458,2"
"OLD CROW","C","OLD CROW A","2100800","","YOC","YUKON","67,57","-139,84","250,2"
"OLD CROW","C","OLD CROW RCS","2100805","71044","ZOC","YUKON","67,57","-139,84","251,2"
"OTTER FALLS","D","OTTER FALLS NCPC","2100840","","","YUKON","61,03","-137,05","829,7"
"PELLY RANCH/FORT SELKIRK","C","PELLY RANCH","2100880","","","YUKON","62,83","-137,31","445,0"
"PELLY RANCH/FORT SELKIRK","C","PELLY RANCH FORT SELKIRK","2100881","73013","CPY","YUKON","62,82","-137,37","454,2"
"ROCK RIVER","E","ROCK RIVER","2100935","71506","WRR","YUKON","66,98","-136,22","731,0"
"SHINGLE POINT","C","SHINGLE POINT A","2100950","71968","YUA","YUKON","68,95","-137,22","49,4"
"TAKHINI RIVER RANCH","E","TAKHINI RIVER RANCH","2101095","","","YUKON","60,95","-135,57","671,0"
"TESLIN","D","TESLIN (AUT)","2101102","71045","WZW","YUKON","60,17","-132,73","705,0"
"TESLIN","D","TESLIN A","2101100","","YZW","YUKON","60,17","-132,74","705,0"
"WATSON LAKE","C","WATSON LAKE (AUT)","2101204","71199","XQH","YUKON","60,12","-128,83","683,3"
"WATSON LAKE","C","WATSON LAKE A","2101200","71953","YQH","YUKON","60,12","-128,82","687,4"
"WATSON LAKE","C","WATSON LAKE A","2101201","","YQH","YUKON","60,12","-128,82","687,3"
"WHITEHORSE","C","WHITEHORSE A","2101300","71964","YXY","YUKON","60,71","-135,07","706,2"
"WHITEHORSE","C","WHITEHORSE A","2101303","71964","YXY","YUKON","60,71","-135,07","706,2"
"WHITEHORSE","C","WHITEHORSE AUTO","2101310","71773","VXY","YUKON","60,73","-135,10","707,0"
"ALLISTON","D","ALLISTON","8300100","","","ÎLE DU PRINCE-ÉDOUARD","46,07","-62,60","61,0"
"CHARLOTTETOWN (AÉROPORT)","C","CHARLOTTETOWN A","8300300","71706","YYG","ÎLE DU PRINCE-ÉDOUARD","46,29","-63,13","48,8"
"CHARLOTTETOWN (AÉROPORT)","C","CHARLOTTETOWN A","8300301","71706","YYG","ÎLE DU PRINCE-ÉDOUARD","46,29","-63,12","50,9"
"EAST POINT","F","EAST POINT (AUT)","8300418","71412","WEP","ÎLE DU PRINCE-ÉDOUARD","46,46","-61,99","7,7"
"ELMWOOD","D","ELMWOOD","8300425","","","ÎLE DU PRINCE-ÉDOUARD","46,25","-63,33","67,0"
"NEW GLASGOW","C","NEW GLASGOW","8300497","","","ÎLE DU PRINCE-ÉDOUARD","46,41","-63,35","6,1"
"NORTH CAPE","G","NORTH CAPE","8300516","71987","WNE","ÎLE DU PRINCE-ÉDOUARD","47,06","-64,00","7,6"
"ST. PETERS/MONTICELLO","D","MONTICELLO","8300447","","","ÎLE DU PRINCE-ÉDOUARD","46,47","-62,47","32,0"
"ST. PETERS/MONTICELLO","D","ST. PETERS","8300562","71310","ZSP","ÎLE DU PRINCE-ÉDOUARD","46,45","-62,58","29,7"
"SUMMERSIDE","E","SUMMERSIDE","8300596","71702","WSD","ÎLE DU PRINCE-ÉDOUARD","46,44","-63,84","12,2"
"SUMMERSIDE","E","SUMMERSIDE A","8300700","","YSU","ÎLE DU PRINCE-ÉDOUARD","46,44","-63,83","19,5"
